semSeca,s0s4,s1s4,s2s4,s3s4,s4,mes,ano,uf
"36,27","63,73","19,73",0,0,0,6,2025,AC
"36,28","63,72","19,84",0,0,0,5,2025,AC
"59,72","40,28","17,53",0,0,0,4,2025,AC
"59,71","40,29","17,55",0,0,0,3,2025,AC
0,100,"31,46",0,0,0,2,2025,AC
0,100,100,"28,42",0,0,1,2025,AC
0,100,100,"79,96",0,0,12,2024,AC
0,100,100,100,0,0,11,2024,AC
0,100,100,100,"91,57",0,10,2024,AC
0,100,100,100,"91,57",0,9,2024,AC
0,100,100,100,"76,07",0,8,2024,AC
0,100,100,"75,15","14,42",0,7,2024,AC
0,100,100,"44,31",0,0,6,2024,AC
0,100,"69,1",0,0,0,5,2024,AC
"55,74","44,26","16,03",0,0,0,4,2024,AC
"72,97","27,03","16,03","2,8",0,0,3,2024,AC
"54,65","45,35","23,36","11,09",0,0,2,2024,AC
0,100,100,"26,4","1,38",0,1,2024,AC
0,100,100,"71,27","7,78",0,12,2023,AC
0,100,100,"46,87","7,78",0,11,2023,AC
0,100,100,"39,52","5,78",0,10,2023,AC
0,100,"66,65","1,87",0,0,9,2023,AC
"35,92","64,08","24,82","1,87",0,0,8,2023,AC
"37,39","62,61","24,82","1,87",0,0,7,2023,AC
"46,37","53,63","24,82","1,87",0,0,6,2023,AC
"48,03","51,97","24,82","1,87",0,0,5,2023,AC
"43,08","56,92","35,04","1,87",0,0,4,2023,AC
"42,93","57,07","35,04","1,87",0,0,3,2023,AC
0,100,"92,59","1,87",0,0,2,2023,AC
0,100,"92,59","17,31",0,0,1,2023,AC
0,100,"92,59","17,1",0,0,12,2022,AC
0,100,"92,59","17,1",0,0,11,2022,AC
"38,8","61,2","22,77",0,0,0,6,2025,AL
"22,98","77,02","60,12","22,55",0,0,5,2025,AL
0,100,"60,12","22,53",0,0,4,2025,AL
"23,27","76,73","28,42","22,32",0,0,3,2025,AL
"23,34","76,66","27,63",0,0,0,2,2025,AL
"10,35","89,65","72,31",0,0,0,1,2025,AL
0,100,"87,35","34,9",0,0,12,2024,AL
0,100,"81,66","32,06",0,0,11,2024,AL
"15,29","84,71","46,36","5,5",0,0,10,2024,AL
"26,94","73,06","16,43",0,0,0,9,2024,AL
"53,51","46,49",0,0,0,0,8,2024,AL
"70,99","29,01",0,0,0,0,7,2024,AL
100,0,0,0,0,0,6,2024,AL
100,0,0,0,0,0,5,2024,AL
"95,28","4,72",0,0,0,0,4,2024,AL
"50,4","49,6","4,38",0,0,0,3,2024,AL
"42,01","57,99","4,51",0,0,0,2,2024,AL
"42,01","57,99","31,46",0,0,0,1,2024,AL
"42,01","57,99","31,46","15,96",0,0,12,2023,AL
"50,46","49,54","31,47","15,95",0,0,11,2023,AL
"56,33","43,67","31,26",0,0,0,10,2023,AL
"65,11","34,89","3,67",0,0,0,9,2023,AL
"68,51","31,49",0,0,0,0,8,2023,AL
"88,53","11,47",0,0,0,0,7,2023,AL
"88,53","11,47",0,0,0,0,6,2023,AL
"68,54","31,46",0,0,0,0,5,2023,AL
"66,6","33,4",0,0,0,0,4,2023,AL
"66,84","33,16",0,0,0,0,3,2023,AL
"66,84","33,16",0,0,0,0,2,2023,AL
"81,59","18,41",0,0,0,0,1,2023,AL
100,0,0,0,0,0,12,2022,AL
100,0,0,0,0,0,11,2022,AL
100,0,0,0,0,0,10,2022,AL
100,0,0,0,0,0,9,2022,AL
100,0,0,0,0,0,8,2022,AL
100,0,0,0,0,0,7,2022,AL
"98,48","1,52",0,0,0,0,6,2022,AL
"81,57","18,43",0,0,0,0,5,2022,AL
"59,99","40,01","16,93",0,0,0,4,2022,AL
"59,98","40,02","16,93",0,0,0,3,2022,AL
"55,36","44,64","17,68",0,0,0,2,2022,AL
"55,36","44,64","17,68",0,0,0,1,2022,AL
"55,22","44,78","17,68",0,0,0,12,2021,AL
"28,41","71,59","45,01","16,81",0,0,11,2021,AL
"28,41","71,59",45,"16,74",0,0,10,2021,AL
"36,12","63,88","44,98","16,77",0,0,9,2021,AL
"43,54","56,46","44,98","16,77",0,0,8,2021,AL
"42,39","57,61","45,4","16,77",0,0,7,2021,AL
"42,39","57,61","46,48","22,76",0,0,6,2021,AL
"38,96","61,04","50,25","22,76",0,0,5,2021,AL
"36,58","63,42","50,25","33,95",0,0,4,2021,AL
"15,84","84,16","50,34","33,95",0,0,3,2021,AL
0,100,"50,24","9,67",0,0,2,2021,AL
"0,28","99,72","23,7","6,71",0,0,1,2021,AL
0,100,"14,12",0,0,0,12,2020,AL
0,100,"5,83",0,0,0,11,2020,AL
0,100,"5,83",0,0,0,10,2020,AL
"22,72","77,28","6,15",0,0,0,9,2020,AL
"42,69","57,31",0,0,0,0,8,2020,AL
"70,78","29,22",0,0,0,0,7,2020,AL
"59,53","40,47",0,0,0,0,6,2020,AL
"17,82","82,18",0,0,0,0,5,2020,AL
0,100,"2,17",0,0,0,4,2020,AL
"0,01","99,99","32,21",0,0,0,3,2020,AL
0,100,"72,36","29,2",0,0,2,2020,AL
0,100,"72,51","28,94",0,0,1,2020,AL
0,100,"42,29","27,54",0,0,12,2019,AL
0,100,"42,29","27,54",0,0,11,2019,AL
51,49,"35,61",0,0,0,10,2019,AL
"63,66","36,34","22,29",0,0,0,9,2019,AL
"63,6","36,4","22,31",0,0,0,8,2019,AL
"46,77","53,23","30,94",0,0,0,7,2019,AL
"46,77","53,23","44,79","29,08",0,0,6,2019,AL
"28,73","71,27","51,99","39,91",0,0,5,2019,AL
"28,73","71,27","51,99","39,9",0,0,4,2019,AL
"27,2","72,8","60,12","45,37",0,0,3,2019,AL
"7,13","92,87","67,17","59,07","38,73",0,2,2019,AL
"7,13","92,87","67,17","59,07","40,52",0,1,2019,AL
0,100,"72,62","54,33","40,03",0,12,2018,AL
0,100,"72,8","54,32","40,89",0,11,2018,AL
0,100,"72,8","54,32","40,89",0,10,2018,AL
0,100,"60,73","40,05","31,93",0,9,,AL
"32,18","67,82","43,79","33,97","24,58",0,8,2018,AL
"32,18","67,82","43,79","33,99","18,51",0,7,2018,AL
"42,84","57,16","36,03","30,41",0,0,6,2018,AL
"43,37","56,63","34,4","15,82",0,0,5,2018,AL
"43,33","56,67","34,4","15,82",0,0,4,2018,AL
"31,21","68,79","35,19","13,92","1,77",0,3,2018,AL
"64,48","35,52","14,21","6,2",0,0,2,2018,AL
"64,49","35,51","16,24","6,7",0,0,1,2018,AL
"64,17","35,83","7,09","1,7",0,0,12,2017,AL
"75,08","24,92","1,48",0,0,0,11,2017,AL
"77,54","22,46","1,48",0,0,0,10,2017,AL
90,10,"1,53",0,0,0,9,2017,AL
"87,22","12,78","0,09",0,0,0,8,2017,AL
"78,76","21,24","8,8","0,03",0,0,7,2017,AL
0,100,"14,59","4,54",0,0,6,2017,AL
0,100,"14,59","4,54",0,0,5,2017,AL
0,100,100,100,"61,1","42,29",4,2017,AL
0,100,100,100,100,"61,7",3,2017,AL
0,100,100,100,100,"61,7",2,2017,AL
0,100,100,100,100,"61,7",1,2017,AL
0,100,100,100,100,"61,64",12,2016,AL
0,100,100,100,100,"61,39",11,2016,AL
0,100,100,100,"84,92","45,93",10,2016,AL
0,100,100,"91,24","76,38","32,19",9,2016,AL
0,100,"91,37","79,1","56,1",0,8,2016,AL
0,100,"77,46","53,94","36,47",0,7,2016,AL
"10,08","89,92","84,95","52,33","26,89",0,6,2016,AL
"10,1","89,9","84,57","52,94","26,77",0,5,2016,AL
"26,25","73,75","41,72","26,03","4,93",0,4,2016,AL
"18,28","81,72","73,17","16,13","3,08",0,3,2016,AL
"40,31","59,69","34,17","17,78","3,57",0,2,2016,AL
"45,13","54,87","34,29","17,78","3,96",0,1,2016,AL
0,100,"88,05","61,7","33,96","18,55",12,2015,AL
0,100,100,"55,96","28,9","4,27",11,2015,AL
0,100,"72,02","39,74","27,97","5,11",10,2015,AL
0,100,"43,88","34,85","22,78","3,44",9,2015,AL
0,100,"36,74","19,7","12,47","3,44",8,2015,AL
"23,07","76,93","37,59","20,16","0,38",0,7,2015,AL
"39,3","60,7","44,17","30,15","1,05","0,05",6,2015,AL
"12,79","87,21","57,14","32,03","1,59","0,07",5,2015,AL
"13,21","86,79","72,56","35,25","1,38",0,4,2015,AL
"52,71","47,29","18,14","7,47","1,75","0,64",3,2015,AL
"27,17","72,83","35,45","7,7",0,0,2,2015,AL
"0,01","99,99","35,66","2,09",0,0,1,2015,AL
"58,49","41,51","12,39","0,13",0,0,12,2014,AL
"66,12","33,88","11,75","0,07",0,0,11,2014,AL
"31,53","68,47","39,86","6,79",0,0,10,2014,AL
0,100,"47,5","8,06",0,0,9,2014,AL
0,100,"72,84","20,55","3,34",0,8,2014,AL
0,100,100,"99,6","3,29",0,7,2014,AL
100,0,0,0,0,0,6,2025,AP
100,0,0,0,0,0,5,2025,AP
"56,92","43,08",0,0,0,0,4,2025,AP
100,0,0,0,0,0,3,2025,AP
100,0,0,0,0,0,2,2025,AP
"69,49","30,51",0,0,0,0,1,2025,AP
"17,6","82,4","2,76",0,0,0,12,2024,AP
"17,6","82,4","2,76",0,0,0,11,2024,AP
"17,6","82,4","2,76",0,0,0,10,2024,AP
"7,65","92,35","2,88",0,0,0,9,2024,AP
"24,19","75,81","4,43",0,0,0,8,2024,AP
"27,7","72,3",0,0,0,0,7,2024,AP
"68,26","31,74",0,0,0,0,6,2024,AP
"68,26","31,74","0,36",0,0,0,5,2024,AP
"19,84","80,16",0,0,0,0,4,2024,AP
"57,96","42,04",0,0,0,0,3,2024,AP
"76,55","23,45",0,0,0,0,2,2024,AP
"76,55","23,45",0,0,0,0,1,2024,AP
"54,96","45,04",0,0,0,0,12,2023,AP
"60,1","39,9","9,92",0,0,0,6,2025,AM
"41,26","58,74","18,36",0,0,0,5,2025,AM
"47,92","52,08","32,14","3,85",0,0,4,2025,AM
"26,48","73,52","59,06","17,9",0,0,3,2025,AM
"5,6","94,4","71,03","30,95",0,0,2,2025,AM
"0,85","99,15","96,28","58,6","24,52","5,92",1,2025,AM
"0,85","99,15","98,03","67,03","33,02","5,92",12,2024,AM
"0,89","99,11","98,11","88,06","56,31","15,83",11,2024,AM
"0,89","99,11","98,58","85,42","60,17","26,4",10,2024,AM
0,100,"99,67","75,76","56,56","29,56",9,2024,AM
0,100,"93,16","60,43","31,73",0,8,2024,AM
"2,45","97,55","81,01","45,19","18,72",0,7,2024,AM
"4,9","95,1","75,5","42,14","5,22",0,6,2024,AM
"0,3","99,7","82,2","33,64","5,22",0,5,2024,AM
0,100,"85,71","36,3","5,22",0,4,2024,AM
0,100,"75,46","45,53","5,22",0,3,2024,AM
0,100,"76,09","46,06","5,22",0,2,2024,AM
0,100,"79,42","46,24","8,71",0,1,2024,AM
0,100,"79,42","49,76","15,45",0,12,2023,AM
0,100,"85,12","44,43","16,9",0,11,2023,AM
"3,96","96,04","80,3","40,77","7,98",0,10,2023,AM
"7,99","92,01","49,57","13,87",0,0,9,2023,AM
"24,67","75,33","18,73","2,07",0,0,8,2023,AM
"28,22","71,78","11,83","2,07",0,0,7,2023,AM
"39,18","60,82","5,9","1,91",0,0,6,2023,AM
"75,58","24,42","5,9","1,91",0,0,5,2023,AM
"58,57","41,43","7,38","3,17",0,0,4,2023,AM
"46,61","53,39","7,38","3,17",0,0,3,2023,AM
"44,29","55,71","18,44","3,17",0,0,2,2023,AM
"37,02","62,98","24,63","3,59",0,0,1,2023,AM
"33,89","66,11","27,59","2,3",0,0,12,2022,AM
"14,83","85,17","76,82","41,43",0,0,6,2025,BA
"15,34","84,66","72,95","52,7",0,0,5,2025,BA
"3,94","96,06","74,8","52,83",0,0,4,2025,BA
"4,14","95,86","74,81","17,51",0,0,3,2025,BA
"6,83","93,17","49,81","4,77",0,0,2,2025,BA
"6,8","93,2","29,36",0,0,0,1,2025,BA
"3,33","96,67","38,69","4,24",0,0,12,2024,BA
"8,61","91,39","25,72","4,24",0,0,11,2024,BA
"6,78","93,22","53,76","4,66",0,0,10,2024,BA
"9,11","90,89","50,62","18,01",0,0,9,2024,BA
"13,24","86,76","33,29",0,0,0,8,2024,BA
"29,39","70,61","25,96",0,0,0,7,2024,BA
"52,32","47,68","13,19",0,0,0,6,2024,BA
"57,15","42,85","13,19",0,0,0,5,2024,BA
"63,19","36,81","13,19",0,0,0,4,2024,BA
"33,4","66,6","26,7",0,0,0,3,2024,BA
"8,5","91,5","35,21",0,0,0,2,2024,BA
"1,33","98,67","90,11","20,61",0,0,1,2024,BA
0,100,"94,57","45,63","2,87",0,12,2023,BA
0,100,"89,05","28,67",0,0,11,2023,BA
0,100,"54,66",0,0,0,10,2023,BA
"2,02","97,98","41,84",0,0,0,9,2023,BA
"9,94","90,06","20,77",0,0,0,8,2023,BA
"11,2","88,8","26,73",0,0,0,7,2023,BA
"13,58","86,42","23,75",0,0,0,6,2023,BA
"29,41","70,59","12,51",0,0,0,5,2023,BA
"42,1","57,9",0,0,0,0,4,2023,BA
"64,89","35,11",0,0,0,0,3,2023,BA
"89,13","10,87",0,0,0,0,2,2023,BA
100,0,0,0,0,0,1,2023,BA
"99,12","0,88",0,0,0,0,12,2022,BA
"47,82","52,18","6,03",0,0,0,11,2022,BA
"26,13","73,87","20,05",0,0,0,10,2022,BA
"23,49","76,51","15,18",0,0,0,9,2022,BA
"23,48","76,52","11,83",0,0,0,8,2022,BA
"16,11","83,89",0,0,0,0,7,2022,BA
"15,56","84,44","1,18",0,0,0,6,2022,BA
"65,57","34,43","1,18",0,0,0,5,2022,BA
"77,91","22,09","2,48",0,0,0,4,2022,BA
"85,21","14,79","2,48",0,0,0,3,2022,BA
"84,67","15,33","2,48",0,0,0,2,2022,BA
"82,69","17,31","2,48",0,0,0,1,2022,BA
"73,4","26,6","6,02",0,0,0,12,2021,BA
"1,83","98,17","70,62","2,45",0,0,11,2021,BA
0,100,"91,92","6,56",0,0,10,2021,BA
0,100,"95,73","10,09",0,0,9,2021,BA
0,100,"95,73","5,35",0,0,8,2021,BA
0,100,"99,37","5,26",0,0,7,2021,BA
0,100,"68,79","1,07",0,0,6,2021,BA
0,100,"57,19","1,07",0,0,5,2021,BA
"0,02","99,98","49,33","1,07",0,0,4,2021,BA
0,100,"55,58","1,07",0,0,3,2021,BA
"16,72","83,28","13,54","0,21",0,0,2,2021,BA
"42,53","57,47","17,17","3,72",0,0,1,2021,BA
"51,94","48,06","16,73","3,72",0,0,12,2020,BA
"52,29","47,71","13,93","3,72",0,0,11,2020,BA
"40,9","59,1","18,33","3,72",0,0,10,2020,BA
"31,53","68,47","25,59","3,72",0,0,9,2020,BA
"31,79","68,21","21,57","3,72",0,0,8,2020,BA
"22,95","77,05","20,8","3,72",0,0,7,2020,BA
"24,22","75,78","21,65","3,71",0,0,6,2020,BA
"19,03","80,97","34,72","3,71",0,0,5,2020,BA
"10,83","89,17","52,86","3,71",0,0,4,2020,BA
"7,49","92,51","87,19","29,65",0,0,3,2020,BA
"7,63","92,37","88,8","64,57",0,0,2,2020,BA
"4,12","95,88","88,84","62,73","2,45",0,1,2020,BA
"2,97","97,03","83,08","64,88","4,51",0,12,2019,BA
"8,05","91,95","74,14","52,36","4,51",0,11,2019,BA
"15,46","84,54","78,75","40,15","5,51",0,10,2019,BA
"15,69","84,31","78,98","37,2","5,56",0,9,2019,BA
"15,89","84,11","68,38","35,79","5,51",0,8,2019,BA
10,90,"68,78","45,24","10,88",0,7,2019,BA
10,90,"66,99","43,56","14,8",0,6,2019,BA
"8,51","91,49","65,93","43,74","14,85",0,5,2019,BA
"8,48","91,52","63,46","43,74","14,66",0,4,2019,BA
"0,01","99,99","66,47","55,82","26,4","2,39",3,2019,BA
"0,01","99,99","70,95","57,78","28,38","4,17",2,2019,BA
"8,34","91,66","72,45","57,25","27,41","5,18",1,2019,BA
"12,04","87,96","65,28","48,62","27,63","5,18",12,2018,BA
"7,83","92,17","83,1","54,63","28,39","5,39",11,2018,BA
"5,84","94,16","83,1","57,74","28,39","5,74",10,2018,BA
"5,92","94,08","83,08","57,13","28,17","5,73",9,,BA
"14,34","85,66","78,64","44,44","22,33","5,47",8,2018,BA
"14,34","85,66","78,64","44,44","19,85","3,53",7,2018,BA
"17,56","82,44","63,79","35,56","17,37","3,47",6,2018,BA
"19,04","80,96","54,06","35,26","15,59","1,98",5,2018,BA
"21,03","78,97","46,04","35,26","15,38","1,94",4,2018,BA
"19,69","80,31","55,14","42,66","30,83","3,43",3,2018,BA
"21,73","78,27","74,71","46,92","34,49","19,06",2,2018,BA
"21,73","78,27","74,99","66,02","55,92","33,44",1,2018,BA
"16,32","83,68","77,84","73,46","66,79","42,39",12,2017,BA
"15,83","84,17","79,43","75,15","68,06","47,91",11,2017,BA
"16,35","83,65","79,72","76,27","69,91","60,72",10,2017,BA
"19,97","80,03","77,18","72,02","67,78",48,9,2017,BA
"19,31","80,69","76,91","73,02","67,6","46,69",8,2017,BA
"8,67","91,33",83,"73,05","63,36","36,6",7,2017,BA
"8,16","91,84","85,12","71,16","62,4","35,82",6,2017,BA
"8,16","91,84","85,12","71,16","62,4","35,82",5,2017,BA
0,100,"86,66","73,64","63,49","39,4",4,2017,BA
0,100,"94,34","82,8","72,12","47,02",3,2017,BA
0,100,"94,34","90,03","79,24","63,5",2,2017,BA
0,100,"93,17","90,51","85,91","73,74",1,2017,BA
"6,19","93,81","90,15","87,83","85,64","62,44",12,2016,BA
"6,19","93,81","90,15","88,61","85,64","42,52",11,2016,BA
0,100,"90,92","88,61","83,33","24,42",10,2016,BA
0,100,100,"97,23","82,15","0,58",9,2016,BA
0,100,100,100,"89,73","0,02",8,2016,BA
0,100,100,100,"78,27",0,7,2016,BA
0,100,100,"96,72","63,14",0,6,2016,BA
0,100,100,"90,72",25,0,5,2016,BA
0,100,100,"48,5","6,06",0,4,2016,BA
0,100,"90,15","36,12","2,57",0,3,2016,BA
"0,01","99,99","88,75","12,35","2,72",0,2,2016,BA
0,100,"92,97","5,39","2,84",0,1,2016,BA
0,100,100,97,"80,17","53,12",12,2015,BA
0,100,100,"79,23","51,48","8,05",11,2015,BA
0,100,"84,57","60,68","34,85","5,49",10,2015,BA
"22,58","77,42","60,72","54,24","25,32","0,54",9,2015,BA
"38,3","61,7","55,35","30,33","13,85","0,37",8,2015,BA
"36,08","63,92","33,04","16,8","11,1","0,11",7,2015,BA
"26,06","73,94","35,54","16,75","11,07",0,6,2015,BA
"4,02","95,98","66,61","18,27","10,42",0,5,2015,BA
"1,53","98,47","66,5","18,47","10,47",0,4,2015,BA
0,100,"81,64","27,95","10,75","0,02",3,2015,BA
0,100,"57,54","18,07","0,23","0,02",2,2015,BA
"27,01","72,99","23,74","17,1","0,21",0,1,2015,BA
"30,06","69,94","36,83","23,14","1,63","0,08",12,2014,BA
"32,46","67,54","57,24","46,5","1,63",0,11,2014,BA
"5,56","94,44","72,19","49,1","7,16","0,1",10,2014,BA
"8,57","91,43","69,35","14,92","2,67","0,02",9,2014,BA
"8,77","91,23","46,34","13,48","3,55","0,23",8,2014,BA
"26,64","73,36","44,27","13,59","3,02","0,17",7,2014,BA
"24,16","75,84","33,89","0,01",0,0,6,2025,CE
"24,5","75,5","1,54",0,0,0,5,2025,CE
"45,08","54,92","1,54",0,0,0,4,2025,CE
"80,04","19,96",0,0,0,0,3,2025,CE
"67,58","32,42",0,0,0,0,2,2025,CE
"36,82","63,18",0,0,0,0,1,2025,CE
"20,48","79,52","42,67",0,0,0,12,2024,CE
"13,01","86,99","38,49",0,0,0,11,2024,CE
"23,81","76,19","5,25",0,0,0,10,2024,CE
"31,75","68,25",0,0,0,0,9,2024,CE
"87,48","12,52",0,0,0,0,8,2024,CE
"94,8","5,2",0,0,0,0,7,2024,CE
"99,3","0,7",0,0,0,0,6,2024,CE
"89,49","10,51",0,0,0,0,5,2024,CE
"89,49","10,51",0,0,0,0,4,2024,CE
"57,45","42,55","10,17",0,0,0,3,2024,CE
"23,5","76,5","37,54",0,0,0,2,2024,CE
0,100,"76,23","2,13",0,0,1,2024,CE
0,100,"47,21",0,0,0,12,2023,CE
0,100,"47,23",0,0,0,11,2023,CE
0,100,"21,46",0,0,0,10,2023,CE
"17,67","82,33",0,0,0,0,9,2023,CE
"64,26","35,74",0,0,0,0,8,2023,CE
"66,27","33,73",0,0,0,0,7,2023,CE
100,0,0,0,0,0,6,2023,CE
100,0,0,0,0,0,5,2023,CE
100,0,0,0,0,0,4,2023,CE
100,0,0,0,0,0,3,2023,CE
"95,19","4,81",0,0,0,0,2,2023,CE
"88,92","11,08",0,0,0,0,1,2023,CE
"85,43","14,57",0,0,0,0,12,2022,CE
"71,5","28,5",0,0,0,0,11,2022,CE
"67,79","32,21",0,0,0,0,10,2022,CE
"62,3","37,7",0,0,0,0,9,2022,CE
"86,46","13,54",0,0,0,0,8,2022,CE
"83,39","16,61",0,0,0,0,7,2022,CE
"83,39","16,61",0,0,0,0,6,2022,CE
"83,4","16,6",0,0,0,0,5,2022,CE
"81,13","18,87",0,0,0,0,4,2022,CE
"62,88","37,12",0,0,0,0,3,2022,CE
"10,48","89,52","3,42",0,0,0,2,2022,CE
"10,72","89,28","3,42",0,0,0,1,2022,CE
"9,84","90,16","32,28",0,0,0,12,2021,CE
"9,84","90,16","60,2",0,0,0,11,2021,CE
"0,29","99,71","60,31",0,0,0,10,2021,CE
"0,29","99,71","60,3",0,0,0,9,2021,CE
"0,3","99,7","60,3",0,0,0,8,2021,CE
0,100,"60,3",0,0,0,7,2021,CE
0,100,"58,77",0,0,0,6,2021,CE
"0,61","99,39","52,25",0,0,0,5,2021,CE
"0,61","99,39","43,78",0,0,0,4,2021,CE
0,100,"36,28",0,0,0,3,2021,CE
0,100,"34,26",0,0,0,2,2021,CE
"9,18","90,82","29,19",0,0,0,1,2021,CE
"16,83","83,17",0,0,0,0,12,2020,CE
"20,36","79,64",0,0,0,0,11,2020,CE
"20,36","79,64",0,0,0,0,10,2020,CE
"37,68","62,32",0,0,0,0,9,2020,CE
"59,71","40,29",0,0,0,0,8,2020,CE
"79,16","20,84",0,0,0,0,7,2020,CE
"79,16","20,84",0,0,0,0,6,2020,CE
"79,18","20,82",0,0,0,0,5,2020,CE
69,31,0,0,0,0,4,2020,CE
"38,84","61,16","0,33",0,0,0,3,2020,CE
"31,71","68,29","57,96","0,24",0,0,2,2020,CE
"19,43","80,57","64,92","28,27",0,0,1,2020,CE
"7,95","92,05","76,04","28,3",0,0,12,2019,CE
"8,15","91,85","69,11","15,49",0,0,11,2019,CE
"24,5","75,5","64,5","0,02",0,0,10,2019,CE
"29,62","70,38","64,43",0,0,0,9,2019,CE
"33,19","66,81","43,16",0,0,0,8,2019,CE
"38,39","61,61","25,4",0,0,0,7,2019,CE
"41,21","58,79","21,94",0,0,0,6,2019,CE
"50,63","49,37","16,89",0,0,0,5,2019,CE
66,34,"20,43",0,0,0,4,2019,CE
"65,36","34,64","20,53","8,55",0,0,3,2019,CE
"59,71","40,29","25,25","15,03","0,62",0,2,2019,CE
"42,03","57,97","40,14","25,09","0,62",0,1,2019,CE
"7,55","92,45","58,59","49,28","0,62",0,12,2018,CE
0,100,91,"49,28","20,68",0,11,2018,CE
0,100,"85,49","38,41","23,19",0,10,2018,CE
0,100,"75,99","38,45","19,36",0,9,,CE
"8,3","91,7","52,66","25,56","8,17",0,8,2018,CE
"8,3","91,7","48,49","25,08",0,0,7,2018,CE
"36,75","63,25","41,02","7,56",0,0,6,2018,CE
"36,76","63,24","40,06","2,82",0,0,5,2018,CE
"36,82","63,18","54,63","8,31",0,0,4,2018,CE
"25,47","74,53","63,25","48,28","6,99",0,3,2018,CE
"16,53","83,47","70,71","60,25","8,08",0,2,2018,CE
0,100,"82,45","73,1","53,43","30,41",1,2018,CE
0,100,"94,51","76,38","56,65","32,23",12,2017,CE
0,100,"94,51","72,16","43,91","26,52",11,2017,CE
0,100,"69,55","55,33","37,29","24,61",10,2017,CE
"0,02","99,98","67,21","51,73","33,66","10,61",9,2017,CE
"19,88","80,12","52,9","41,85","19,61","0,52",8,2017,CE
"36,25","63,75","50,05","36,72","10,31","0,01",7,2017,CE
"36,25","63,75","50,05","36,72","10,31","0,01",6,2017,CE
"41,88","58,12","45,5","35,49","4,65",0,5,2017,CE
"18,52","81,48","42,52","33,45","0,63","0,04",4,2017,CE
0,100,"55,97","37,35","1,55",0,3,2017,CE
0,100,100,"83,82","53,21","6,55",2,2017,CE
0,100,100,100,"88,78","63,64",1,2017,CE
0,100,100,100,91,"58,02",12,2016,CE
0,100,100,100,"87,75","58,02",11,2016,CE
0,100,100,100,"79,52","55,49",10,2016,CE
0,100,100,"95,1","73,26","34,38",9,2016,CE
0,100,100,"83,78","58,51","14,06",8,2016,CE
0,100,100,"80,47","37,18","7,5",7,2016,CE
0,100,"99,45","78,92","26,97",0,6,2016,CE
"0,51","99,49","88,85","63,23","15,86",0,5,2016,CE
"4,94","95,06","77,98","53,14","15,83",0,4,2016,CE
"13,91","86,09","69,21","52,78","15,83",0,3,2016,CE
"9,62","90,38","85,82","68,13","55,87",0,2,2016,CE
"9,62","90,38","85,82","68,13","50,37",0,1,2016,CE
0,100,100,"88,98","78,7","53,8",12,2015,CE
0,100,100,"79,16","70,2","36,51",11,2015,CE
0,100,"88,6","79,16","70,2","36,71",10,2015,CE
0,100,"80,26","72,65","62,82","34,94",9,2015,CE
4,96,"80,26","72,65","62,82","24,81",8,2015,CE
"13,65","86,35","74,81",72,"64,66","18,43",7,2015,CE
"1,96","98,04","87,28","80,26","51,87","16,39",6,2015,CE
"2,08","97,92","84,5","75,42","45,21","4,53",5,2015,CE
"2,52","97,48","88,09","81,27","46,41","6,65",4,2015,CE
0,100,"99,4","75,88","52,48","4,59",3,2015,CE
0,100,100,"86,82","65,69","17,76",2,2015,CE
0,100,100,100,"96,7","6,61",1,2015,CE
"0,05","99,95","99,86","96,6","75,63","22,76",12,2014,CE
"0,05","99,95","99,86","96,6","75,63","22,76",11,2014,CE
0,100,"97,12","79,1","67,6","22,7",10,2014,CE
0,100,"97,12","79,38","64,64","22,7",9,2014,CE
"1,34","98,66","83,65","49,15","26,13","10,57",8,2014,CE
"1,34","98,66",85,"49,37","26,58","11,14",7,2014,CE
"52,67","47,33",0,0,0,0,6,2025,ES
"52,67","47,33",0,0,0,0,5,2025,ES
"9,71","90,29",0,0,0,0,4,2025,ES
0,100,0,0,0,0,3,2025,ES
0,100,0,0,0,0,2,2025,ES
"68,58","31,42",0,0,0,0,1,2025,ES
0,100,0,0,0,0,12,2024,ES
0,100,"32,09",0,0,0,11,2024,ES
0,100,"49,84",0,0,0,10,2024,ES
0,100,100,0,0,0,9,2024,ES
0,100,"91,48",0,0,0,8,2024,ES
0,100,"67,89",0,0,0,7,2024,ES
0,100,0,0,0,0,6,2024,ES
"37,21","62,79",0,0,0,0,5,2024,ES
"37,21","62,79",0,0,0,0,4,2024,ES
"37,21","62,79",0,0,0,0,3,2024,ES
"0,03","99,97",0,0,0,0,2,2024,ES
0,100,"40,77",0,0,0,1,2024,ES
0,100,"40,72",0,0,0,12,2023,ES
0,100,"32,85",0,0,0,11,2023,ES
"95,88","4,12",0,0,0,0,10,2023,ES
"95,88","4,12",0,0,0,0,9,2023,ES
"78,4","21,6",0,0,0,0,8,2023,ES
"17,3","82,7",0,0,0,0,7,2023,ES
"17,3","82,7",0,0,0,0,6,2023,ES
"17,3","82,7",0,0,0,0,5,2023,ES
"61,16","38,84",0,0,0,0,4,2023,ES
"61,16","38,84",0,0,0,0,3,2023,ES
100,0,0,0,0,0,2,2023,ES
100,0,0,0,0,0,1,2023,ES
"45,3","54,7",0,0,0,0,12,2022,ES
0,100,"50,19",0,0,0,11,2022,ES
0,100,"81,16",0,0,0,10,2022,ES
0,100,"81,17",0,0,0,9,2022,ES
0,100,"64,43",0,0,0,8,2022,ES
0,100,"38,79",0,0,0,7,2022,ES
0,100,0,0,0,0,6,2022,ES
"59,36","40,64",0,0,0,0,5,2022,ES
"72,52","27,48",0,0,0,0,4,2022,ES
100,0,0,0,0,0,3,2022,ES
100,0,0,0,0,0,2,2022,ES
100,0,0,0,0,0,1,2022,ES
"74,15","25,85",0,0,0,0,12,2021,ES
"39,55","60,45","44,39",0,0,0,11,2021,ES
"12,35","87,65","51,28",0,0,0,10,2021,ES
"2,24","97,76","87,68",0,0,0,9,2021,ES
"1,93","98,07","48,95",0,0,0,8,2021,ES
"1,93","98,07","46,21",0,0,0,7,2021,ES
"14,81","85,19",0,0,0,0,6,2021,ES
"66,07","33,93",0,0,0,0,5,2021,ES
100,0,0,0,0,0,4,2021,ES
"98,01","1,99",0,0,0,0,3,2021,ES
"79,85","20,15",0,0,0,0,2,2021,ES
0,100,"20,07",0,0,0,1,2021,ES
"2,66","97,34",0,0,0,0,12,2020,ES
"36,06","63,94",0,0,0,0,11,2020,ES
"75,53","24,47",0,0,0,0,10,2020,ES
"47,71","52,29",0,0,0,0,9,2020,ES
"53,14","46,86",0,0,0,0,8,2020,ES
"41,06","58,94",0,0,0,0,7,2020,ES
"74,36","25,64",0,0,0,0,6,2020,ES
"79,17","20,83",0,0,0,0,5,2020,ES
100,0,0,0,0,0,4,2020,ES
100,0,0,0,0,0,3,2020,ES
"91,72","8,28",0,0,0,0,2,2020,ES
"75,88","24,12",0,0,0,0,1,2020,ES
"24,87","75,13","52,64","9,52",0,0,12,2019,ES
"17,64","82,36","43,43","12,91",0,0,11,2019,ES
"10,12","89,88","43,05","13,64",0,0,10,2019,ES
"16,41","83,59","24,73",0,0,0,9,2019,ES
"23,01","76,99","19,3",0,0,0,8,2019,ES
"35,94","64,06","13,08",0,0,0,7,2019,ES
"35,94","64,06",0,0,0,0,6,2019,ES
"44,93","55,07",0,0,0,0,5,2019,ES
0,100,0,0,0,0,4,2019,ES
"24,22","75,78","42,98",0,0,0,6,2025,GO
"3,58","96,42","61,22",0,0,0,5,2025,GO
"3,58","96,42","69,38",0,0,0,4,2025,GO
"3,58","96,42","74,98",0,0,0,3,2025,GO
0,100,"31,99",0,0,0,2,2025,GO
0,100,"28,43",0,0,0,1,2025,GO
0,100,"75,41","1,45",0,0,12,2024,GO
0,100,"96,08","27,41",0,0,11,2024,GO
0,100,100,"46,59",0,0,10,2024,GO
0,100,100,100,"48,77",0,9,2024,GO
0,100,"88,81","58,08",0,0,8,2024,GO
0,100,"88,68","19,08",0,0,7,2024,GO
"5,4","94,6","77,21","0,28",0,0,6,2024,GO
"5,4","94,6","68,45","0,28",0,0,5,2024,GO
"12,53","87,47","68,45","0,28",0,0,4,2024,GO
"11,02","88,98","69,75","0,28",0,0,3,2024,GO
"11,02","88,98","78,11","7,05",0,0,2,2024,GO
"0,13","99,87","78,19","8,87",0,0,1,2024,GO
"0,13","99,87","79,19","1,76",0,0,12,2023,GO
"2,38","97,62","15,7",0,0,0,11,2023,GO
"37,04","62,96","16,1",0,0,0,10,2023,GO
"20,86","79,14","34,03","3,94",0,0,9,2023,GO
"20,57","79,43","47,69","3,94",0,0,8,2023,GO
"8,36","91,64","47,77","20,26",0,0,7,2023,GO
"12,7","87,3","45,76","23,49",0,0,6,2023,GO
"13,19","86,81","46,21","23,49",0,0,5,2023,GO
"13,19","86,81","46,2","23,48",0,0,4,2023,GO
"24,21","75,79","40,66","23,47",0,0,3,2023,GO
"33,41","66,59","40,65","26,61",0,0,2,2023,GO
"39,56","60,44","40,77","29,96",0,0,1,2023,GO
"28,39","71,61","58,64","32,63","2,23",0,12,2022,GO
"11,55","88,45","71,51","32,84","2,74",0,11,2022,GO
0,100,"79,5","32,86","2,74",0,10,2022,GO
0,100,"79,5","36,22","3,24","0,2",9,2022,GO
0,100,86,"36,39","12,99","0,2",8,2022,GO
0,100,"68,35","36,39","13,01","0,21",7,2022,GO
"0,11","99,89","68,36","36,38","13,01","0,21",6,2022,GO
"4,08","95,92","60,49","36,38","13,01","0,21",5,2022,GO
"11,35","88,65","52,79","36,38","13,01","0,21",4,2022,GO
"33,62","66,38","52,79","36,38","13,01","0,21",3,2022,GO
"36,49","63,51","52,79","36,38","13,01","0,2",2,2022,GO
"28,32","71,68","62,15","49,28","14,18","0,27",1,2022,GO
"19,44","80,56","66,32","49,69","14,31","0,27",12,2021,GO
0,100,"69,77","61,05","24,86","0,27",11,2021,GO
0,100,"78,08","61,06","24,86","0,27",10,2021,GO
0,100,"83,92","62,01","29,2","0,27",9,2021,GO
"1,82","98,18","83,34","62,01","18,74",0,8,2021,GO
"1,82","98,18","80,75","62,01","9,78",0,7,2021,GO
"1,82","98,18","76,12","40,54","9,74",0,6,2021,GO
"1,8","98,2","75,77","40,55","7,74",0,5,2021,GO
"2,89","97,11","73,53","37,69","7,73",0,4,2021,GO
"3,36","96,64","73,52","33,91","7,74",0,3,2021,GO
"3,36","96,64","77,38","34,07","6,41",0,2,2021,GO
0,100,"96,62","61,5","6,41",0,1,2021,GO
"2,28","97,72","89,19","53,79","6,51",0,12,2020,GO
"2,94","97,06","76,93","53,11","6,43",0,11,2020,GO
"5,64","94,36","76,93","49,41","0,07",0,10,2020,GO
0,100,"78,45","49,41","0,04",0,9,2020,GO
"2,29","97,71","72,84","40,43","0,04",0,8,2020,GO
"6,64","93,36","70,27","25,03","0,05",0,7,2020,GO
"6,64","93,36","76,93","22,82",0,0,6,2020,GO
"15,06","84,94","69,46","27,59",0,0,6,2025,MA
"24,01","75,99","57,15","27,59",0,0,5,2025,MA
"24,22","75,78","57,16","20,12",0,0,4,2025,MA
"24,27","75,73","47,81","4,45",0,0,3,2025,MA
"10,18","89,82","67,64","6,46",0,0,2,2025,MA
0,100,"75,35","12,28",0,0,1,2025,MA
0,100,"98,05","29,13",0,0,12,2024,MA
0,100,"98,07","14,84",0,0,11,2024,MA
0,100,"90,84","3,3",0,0,10,2024,MA
0,100,"61,44","3,3",0,0,9,2024,MA
"1,66","98,34","12,42",0,0,0,8,2024,MA
"26,74","73,26","5,77",0,0,0,7,2024,MA
"68,88","31,12","5,71",0,0,0,6,2024,MA
"82,13","17,87","5,71",0,0,0,5,2024,MA
"82,28","17,72","5,71",0,0,0,4,2024,MA
"52,19","47,81","5,71",0,0,0,3,2024,MA
"8,26","91,74","34,08","13,1",0,0,2,2024,MA
"2,46","97,54","61,38","13,1",0,0,1,2024,MA
"2,54","97,46","67,2","1,02",0,0,12,2023,MA
"2,54","97,46","71,65",0,0,0,11,2023,MA
"4,22","95,78",54,0,0,0,10,2023,MA
"6,43","93,57","4,52",0,0,0,9,2023,MA
"46,49","53,51","1,51",0,0,0,8,2023,MA
"60,04","39,96","1,51",0,0,0,7,2023,MA
60,40,"1,51",0,0,0,6,2023,MA
"83,76","16,24","1,51",0,0,0,5,2023,MA
"83,77","16,23","1,51",0,0,0,4,2023,MA
"86,29","13,71",0,0,0,0,3,2023,MA
"90,34","9,66",0,0,0,0,2,2023,MA
100,0,0,0,0,0,1,2023,MA
100,0,0,0,0,0,12,2022,MA
"87,79","12,21",0,0,0,0,11,2022,MA
"65,56","34,44","0,01",0,0,0,10,2022,MA
"58,45","41,55","0,01",0,0,0,9,2022,MA
"75,47","24,53","0,01",0,0,0,8,2022,MA
"89,19","10,81",0,0,0,0,7,2022,MA
"94,01","5,99",0,0,0,0,6,2022,MA
"93,47","6,53",0,0,0,0,5,2022,MA
"93,47","6,53",0,0,0,0,4,2022,MA
"95,38","4,62",0,0,0,0,3,2022,MA
"89,42","10,58",0,0,0,0,2,2022,MA
100,0,0,0,0,0,1,2022,MA
"89,35","10,65",0,0,0,0,12,2021,MA
"44,57","55,43","13,76",0,0,0,11,2021,MA
"33,79","66,21","36,37",0,0,0,10,2021,MA
"33,79","66,21","36,37",0,0,0,9,2021,MA
"30,17","69,83","41,22",0,0,0,8,2021,MA
"29,41","70,59","37,3",0,0,0,7,2021,MA
"28,06","71,94","29,43",0,0,0,6,2021,MA
"27,69","72,31","17,86",0,0,0,5,2021,MA
"36,21","63,79","17,85",0,0,0,4,2021,MA
"41,79","58,21","16,21",0,0,0,3,2021,MA
"38,05","61,95","18,2",0,0,0,2,2021,MA
"25,91","74,09","18,24",0,0,0,1,2021,MA
"22,21","77,79","27,62",0,0,0,12,2020,MA
"16,88","83,12","28,62","4,17",0,0,11,2020,MA
"3,7","96,3","34,6","4,17",0,0,10,2020,MA
"4,82","95,18","23,77",0,0,0,9,2020,MA
"12,32","87,68","0,11",0,0,0,8,2020,MA
"46,35","53,65",0,0,0,0,7,2020,MA
"70,8","29,2",0,0,0,0,6,2020,MA
"79,63","20,37",0,0,0,0,5,2020,MA
"76,91","23,09","4,74",0,0,0,4,2020,MA
"65,06","34,94","0,44",0,0,0,3,2020,MA
"52,73","47,27","22,42",0,0,0,2,2020,MA
"41,39","58,61","26,72","0,05",0,0,1,2020,MA
"26,52","73,48","26,72","2,7",0,0,12,2019,MA
"23,58","76,42","26,72","2,69",0,0,11,2019,MA
"30,48","69,52","10,34",0,0,0,10,2019,MA
"50,84","49,16",0,0,0,0,9,2019,MA
"65,35","34,65",0,0,0,0,8,2019,MA
"91,64","8,36",0,0,0,0,7,2019,MA
"91,64","8,36",0,0,0,0,6,2019,MA
"96,66","3,34",0,0,0,0,5,2019,MA
"92,35","7,65",0,0,0,0,4,2019,MA
"67,48","32,52","18,29",0,0,0,3,2019,MA
"49,66","50,34","22,65",0,0,0,2,2019,MA
"51,81","48,19","22,65","4,47",0,0,1,2019,MA
"40,86","59,14",32,"8,52",0,0,12,2018,MA
"16,07","83,93","38,55","8,52",0,0,11,2018,MA
"14,36","85,64","38,55","8,52",0,0,10,2018,MA
"14,36","85,64","49,94","22,34",0,0,9,,MA
"39,73","60,27","43,29","4,17",0,0,8,2018,MA
"39,73","60,27","33,76","4,17",0,0,7,2018,MA
"52,42","47,58","16,66",0,0,0,6,2018,MA
"81,35","18,65","6,35",0,0,0,5,2018,MA
"81,36","18,64","6,35",0,0,0,4,2018,MA
"46,74","53,26","16,65","0,72",0,0,3,2018,MA
"20,81","79,19","46,89","15,45",0,0,2,2018,MA
0,100,"81,45","55,13","10,52",0,1,2018,MA
0,100,100,"81,92","37,41",0,12,2017,MA
0,100,100,"72,39","8,76",0,11,2017,MA
0,100,"96,72","34,81","13,68",0,10,2017,MA
"0,04","99,96","88,59","16,62","1,84",0,9,2017,MA
"9,24","90,76","17,65","1,87",0,0,8,2017,MA
"56,19","43,81","2,93",0,0,0,7,2017,MA
"56,19","43,81","2,93",0,0,0,6,2017,MA
"91,5","8,5","2,13",0,0,0,5,2017,MA
"77,63","22,37","0,78",0,0,0,4,2017,MA
"26,15","73,85","13,1","5,05","0,21",0,3,2017,MA
0,100,"69,42","8,42","0,21",0,2,2017,MA
0,100,100,"78,61","39,28","1,99",1,2017,MA
0,100,100,100,"81,4","38,63",12,2016,MA
0,100,100,100,"90,03","27,86",11,2016,MA
0,100,100,100,"80,98","12,09",10,2016,MA
0,100,100,"99,28","60,89",0,9,2016,MA
0,100,100,"87,42","56,82",0,8,2016,MA
0,100,100,"79,96","23,33",0,7,2016,MA
0,100,"90,54","75,46","14,85",0,6,2016,MA
"0,05","99,95","89,04","73,83",0,0,5,2016,MA
"0,06","99,94","76,39","52,59",0,0,4,2016,MA
"0,06","99,94","85,63","39,26",0,0,3,2016,MA
0,100,100,"79,08","38,97",0,2,2016,MA
0,100,100,"71,52","19,51",0,1,2016,MA
0,100,100,100,"49,74","2,52",12,2015,MA
0,100,100,"76,54","29,6",0,11,2015,MA
"0,05","99,95","97,53","63,06","19,44",0,10,2015,MA
"0,05","99,95","95,47","49,7","0,17",0,9,2015,MA
"0,05","99,95","99,45","29,64",0,0,8,2015,MA
"0,05","99,95","90,48","12,5",0,0,7,2015,MA
"0,05","99,95","87,56","10,4",0,0,6,2015,MA
"0,05","99,95","95,47","1,12",0,0,5,2015,MA
0,100,"82,4","53,06",0,0,4,2015,MA
"0,02","99,98","92,64","28,37","0,03",0,3,2015,MA
"0,26","99,74","87,35","27,18","17,41",0,2,2015,MA
"0,03","99,97","87,19","39,51","18,77",0,1,2015,MA
"0,02","99,98","48,91","10,03",0,0,12,2014,MA
"33,33","66,67","48,91","21,9",0,"0,13",11,2014,MA
"35,93","64,07","37,33","14,37",0,0,10,2014,MA
"43,69","56,31","30,49",0,0,0,9,2014,MA
"56,9","43,1","17,72",0,0,0,8,2014,MA
"56,9","43,1","17,6",0,0,0,7,2014,MA
100,0,0,0,0,0,6,2025,MT
"79,61","20,39",0,0,0,0,5,2025,MT
"71,08","28,92","14,56",0,0,0,4,2025,MT
"26,11","73,89","24,86",0,0,0,3,2025,MT
"17,63","82,37","16,89",0,0,0,2,2025,MT
0,100,"72,91","6,6",0,0,1,2025,MT
0,100,"83,17","37,96",0,0,12,2024,MT
0,100,"88,2","58,41",0,0,11,2024,MT
0,100,100,"59,66",0,0,10,2024,MT
0,100,100,"67,9","4,16",0,9,2024,MT
0,100,99,"60,55",0,0,8,2024,MT
0,100,"73,07","32,78",0,0,7,2024,MT
"16,09","83,91","69,19","29,68",0,0,6,2024,MT
"16,09","83,91","69,08","26,99","3,34",0,5,2024,MT
"16,09","83,91","70,97","29,07","3,34",0,4,2024,MT
"0,84","99,16","83,17","36,03","6,55",0,3,2024,MT
"0,84","99,16","82,4","29,77","5,49",0,2,2024,MT
"0,84","99,16","87,55","27,79","6,11","1,86",1,2024,MT
"0,84","99,16","94,76","27,79","6,11","1,86",12,2023,MT
"0,84","99,16","53,42","13,79","2,84",0,11,2023,MT
"11,1","88,9","51,91","13,79","2,84",0,10,2023,MT
"16,17","83,83","39,28","16,71","1,71",0,9,2023,MT
"14,26","85,74","41,86","18,03","1,71",0,8,2023,MT
"14,15","85,85","41,09",18,"1,71",0,7,2023,MT
"32,34","67,66","40,86","14,27",0,0,6,2023,MT
"30,07","69,93","40,86","14,27",0,0,5,2023,MT
"33,66","66,34","43,15","14,7",0,0,4,2023,MT
"33,36","66,64","41,09","12,54",0,0,3,2023,MT
"29,32","70,68","42,84","11,76",0,0,2,2023,MT
"29,4","70,6","43,26","11,93",0,0,1,2023,MT
"20,14","79,86","46,1","4,09","0,64",0,12,2022,MT
"7,56","92,44","48,41","4,09","0,64",0,11,2022,MT
"2,55","97,45","40,35","4,09","0,64",0,10,2022,MT
"2,41","97,59","34,38","6,06","0,7",0,9,2022,MT
"1,94","98,06","32,18","7,64","1,64",0,8,2022,MT
"4,06","95,94","29,94","10,01","2,61",0,7,2022,MT
"10,46","89,54","26,66","10,01","2,61",0,6,2022,MT
"21,21","78,79","23,28","10,01","2,61",0,5,2022,MT
"32,17","67,83","23,28","8,08","2,61",0,4,2022,MT
"44,67","55,33","23,28","8,08","2,61",0,3,2022,MT
"64,29","35,71","25,34","11,88","2,61",0,2,2022,MT
"59,59","40,41","26,67","14,68","5,4",0,1,2022,MT
"48,73","51,27","29,2","15,12","5,4",0,12,2021,MT
"25,09","74,91","34,72","15,11","6,25",0,11,2021,MT
"17,02","82,98","43,2","15,11","6,25",0,10,2021,MT
"17,02","82,98","39,76","15,1","6,25",0,9,2021,MT
0,100,"41,18","14,8","4,06",0,8,2021,MT
0,100,"27,48","14,8","4,06",0,7,2021,MT
"11,95","88,05","24,54","13,42","4,06",0,6,2021,MT
"50,12","49,88",0,0,0,0,6,2025,MS
"27,58","72,42","9,16",0,0,0,5,2025,MS
0,100,"40,36",0,0,0,4,2025,MS
0,100,100,"26,29",0,0,3,2025,MS
0,100,100,"28,61",0,0,2,2025,MS
0,100,100,"21,69",0,0,1,2025,MS
0,100,100,"41,73",0,0,12,2024,MS
0,100,100,"66,85",0,0,11,2024,MS
0,100,100,"55,99",0,0,10,2024,MS
0,100,"94,92","52,65","0,59",0,9,2024,MS
0,100,"94,92","48,6",0,0,8,2024,MS
0,100,"63,81","33,5",0,0,7,2024,MS
"15,3","84,7","53,28","11,45",0,0,6,2024,MS
"15,3","84,7","31,68","0,16",0,0,5,2024,MS
"21,18","78,82","31,68","0,16",0,0,4,2024,MS
"17,86","82,14","27,69","0,16",0,0,3,2024,MS
"32,16","67,84","19,91","0,16",0,0,2,2024,MS
"25,09","74,91","17,6","0,16",0,0,1,2024,MS
"25,09","74,91","9,34","0,17",0,0,12,2023,MS
"46,29","53,71","9,34","0,19",0,0,11,2023,MS
"58,13","41,87","1,71","0,19",0,0,10,2023,MS
"83,41","16,59","1,71","0,19",0,0,9,2023,MS
"86,23","13,77","2,74","0,19",0,0,8,2023,MS
"88,34","11,66","2,74","0,18",0,0,7,2023,MS
"84,53","15,47","2,74",0,0,0,6,2023,MS
"68,65","31,35","5,8",0,0,0,5,2023,MS
"60,35","39,65","20,53","1,21",0,0,4,2023,MS
"49,77","50,23","32,51","9,07",0,0,3,2023,MS
"38,33","61,67","39,62","21,28",0,0,2,2023,MS
"33,21","66,79","54,18","26,32","1,19",0,1,2023,MS
"33,02","66,98","54,35",30,"6,83",0,12,2022,MS
"27,46","72,54","58,62","30,62","7,9",0,11,2022,MS
"27,46","72,54","58,62","30,62","7,9",0,10,2022,MS
"13,53","86,47","59,42","34,93","8,75","0,51",9,2022,MS
"12,35","87,65","70,3","40,54","19,73","0,51",8,2022,MS
0,100,"87,17","50,36","25,53","0,51",7,2022,MS
0,100,"93,56","50,34","25,53","0,51",6,2022,MS
0,100,"99,79","53,48","25,53","0,51",5,2022,MS
0,100,100,"67,41","29,14","0,51",4,2022,MS
0,100,100,"80,83","29,61","0,51",3,2022,MS
0,100,100,"84,19","26,11","1,79",2,2022,MS
0,100,100,"77,26","22,45","3,64",1,2022,MS
0,100,100,"76,54","19,3","3,64",12,2021,MS
0,100,100,"78,41","27,91","3,64",11,2021,MS
0,100,100,"81,48","27,93","3,64",10,2021,MS
0,100,100,"80,53","27,93","3,64",9,2021,MS
0,100,100,"69,78","9,47",0,8,2021,MS
0,100,100,"66,06","9,41",0,7,2021,MS
0,100,"87,26","39,69","7,86",0,6,2021,MS
0,100,100,"33,29","4,87",0,5,2021,MS
0,100,"77,01","19,57","4,87",0,4,2021,MS
0,100,"76,48","18,89","4,87",0,3,2021,MS
0,100,"86,49","17,35","0,65",0,2,2021,MS
0,100,"92,88","42,71","5,37",0,1,2021,MS
0,100,100,"77,03","12,12",0,12,2020,MS
0,100,100,"66,93","11,19",0,11,2020,MS
0,100,100,"47,67","12,3",0,10,2020,MS
0,100,100,"60,04","24,08",0,9,2020,MS
0,100,100,"54,43","1,28",0,8,2020,MS
0,100,100,"48,72","1,28",0,7,2020,MS
"16,88","83,12","34,34","1,58",0,0,6,2025,MG
"16,93","83,07","37,43","1,57",0,0,5,2025,MG
"26,25","73,75","38,62","1,74",0,0,4,2025,MG
0,100,"43,67",0,0,0,3,2025,MG
0,100,"16,05",0,0,0,2,2025,MG
"61,66","38,34","9,55",0,0,0,1,2025,MG
"7,13","92,87","17,92",0,0,0,12,2024,MG
0,100,"47,94","3,87",0,0,11,2024,MG
0,100,"73,61","24,29",0,0,10,2024,MG
0,100,"90,63","38,65","4,05",0,9,2024,MG
0,100,"81,98","15,54",0,0,8,2024,MG
0,100,"33,32","5,13",0,0,7,2024,MG
"22,42","77,58","20,75",0,0,0,6,2024,MG
"42,98","57,02","17,1",0,0,0,5,2024,MG
"44,34","55,66","15,85",0,0,0,4,2024,MG
"42,5","57,5","15,36",0,0,0,3,2024,MG
"33,78","66,22","16,93",0,0,0,2,2024,MG
"11,33","88,67","20,73","0,15",0,0,1,2024,MG
"17,53","82,47","36,26","0,57",0,0,12,2023,MG
"46,92","53,08","12,42","0,41",0,0,11,2023,MG
"64,29","35,71","2,11",0,0,0,10,2023,MG
"26,62","73,38","7,66",0,0,0,9,2023,MG
"25,77","74,23","7,65",0,0,0,8,2023,MG
"17,96","82,04","12,47",0,0,0,7,2023,MG
"21,03","78,97","11,76",0,0,0,6,2023,MG
"21,09","78,91","12,13",0,0,0,5,2023,MG
"48,89","51,11","7,59",0,0,0,4,2023,MG
"45,29","54,71","11,24",0,0,0,3,2023,MG
"70,49","29,51","11,24","2,11",0,0,2,2023,MG
"68,04","31,96","13,1","7,52",0,0,1,2023,MG
"33,39","66,61","15,94","11,72","6,16",0,12,2022,MG
"5,1","94,9","35,7","11,84","7,14",0,11,2022,MG
"4,67","95,33","49,02","11,84","7,14","2,17",10,2022,MG
"1,74","98,26","50,44","17,39","7,8","2,87",9,2022,MG
0,100,"45,32","17,86","7,81","2,87",8,2022,MG
"11,56","88,44","37,08","17,86","7,81","2,87",7,2022,MG
"25,1","74,9","28,06","17,86","7,81","2,87",6,2022,MG
"50,72","49,28","27,51","17,86","7,81","2,87",5,2022,MG
"60,99","39,01","27,51","17,86","7,81","2,87",4,2022,MG
"67,23","32,77","27,51","17,86","7,81","2,87",3,2022,MG
"67,23","32,77","27,51","17,87","7,81","2,95",2,2022,MG
"59,7","40,3","30,4","23,32","10,51","2,94",1,2022,MG
"46,75","53,25","33,03",27,"13,8","3,09",12,2021,MG
"9,06","90,94","48,45","27,58","15,6","3,09",11,2021,MG
"1,26","98,74","67,54","31,08","17,77","3,09",10,2021,MG
0,100,"78,49","33,18","17,77","3,09",9,2021,MG
"0,02","99,98","67,3","31,17","14,93","2,74",8,2021,MG
"0,02","99,98","56,84","21,15","3,61","0,15",7,2021,MG
"16,25","83,75","41,13","15,71","3,47","0,15",6,2021,MG
"23,12","76,88","35,65","13,02","3,35","0,15",5,2021,MG
"39,25","60,75","29,8","13,02","3,35","0,09",4,2021,MG
"39,4","60,6","29,79","12,13","3,29","0,09",3,2021,MG
"44,9","55,1","28,24","12,13","2,95",0,2,2021,MG
"4,96","95,04","34,6","16,21","2,93",0,1,2021,MG
"29,31","70,69","27,04","11,21","2,98",0,12,2020,MG
"35,23","64,77","30,73","18,09","2,96",0,11,2020,MG
"34,27","65,73","30,27","16,93","2,96",0,10,2020,MG
"18,32","81,68","33,15","15,12","2,92",0,9,2020,MG
"31,98","68,02","24,74","8,01","2,92",0,8,2020,MG
"46,08","53,92","16,19","7,91","2,92",0,7,2020,MG
"48,47","51,53","17,84","4,44","2,67",0,6,2020,MG
"61,49","38,51","13,85","4,49","2,49",0,5,2020,MG
"60,2","39,8","26,34","3,45",0,0,4,2020,MG
"58,51","41,49","28,1","3,96",0,0,3,2020,MG
"49,32","50,68","32,79","14,63",0,0,2,2020,MG
"25,62","74,38","43,35","14,37",0,0,1,2020,MG
"3,28","96,72","78,59","40,04",0,0,12,2019,MG
"1,92","98,08","82,97","40,84",0,0,11,2019,MG
"0,37","99,63","71,89","29,11",0,0,10,2019,MG
"0,37","99,63","64,26","16,26",0,0,9,2019,MG
"0,38","99,62","34,85","14,16",0,0,8,2019,MG
"21,62","78,38","32,12",0,0,0,7,2019,MG
"44,63","55,37","19,15",0,0,0,6,2019,MG
"56,29","43,71","12,89",0,0,0,5,2019,MG
"56,29","43,71",0,0,0,0,4,2019,MG
"49,1","50,9","12,46",0,0,0,3,2019,MG
"4,43","95,57","71,39","48,23","21,5","2,14",2,2019,MG
"41,44","58,56","19,17",0,0,0,1,2019,MG
"53,15","46,85","11,13",0,0,0,12,2018,MG
"73,2","26,8","19,9",0,0,0,11,2018,MG
"96,88","3,12",0,0,0,0,6,2025,PA
100,0,0,0,0,0,5,2025,PA
100,0,0,0,0,0,4,2025,PA
100,0,0,0,0,0,3,2025,PA
"92,51","7,49",0,0,0,0,2,2025,PA
0,100,"25,19",0,0,0,1,2025,PA
0,100,"58,05","15,31",0,0,12,2024,PA
0,100,"78,29","20,74",0,0,11,2024,PA
0,100,"88,29","16,9",0,0,10,2024,PA
0,100,"90,9","2,77",0,0,9,2024,PA
0,100,"40,59","2,17",0,0,8,2024,PA
"16,3","83,7","24,42","0,9",0,0,7,2024,PA
"33,92","66,08","16,18","0,9",0,0,6,2024,PA
"32,53","67,47","31,12","0,9",0,0,5,2024,PA
"26,29","73,71","37,05","0,9",0,0,4,2024,PA
"20,01","79,99","35,55","0,96",0,0,3,2024,PA
"19,22","80,78","40,43","3,22",0,0,2,2024,PA
"15,6","84,4","44,22","7,57",0,0,1,2024,PA
"2,48","97,52","47,92","0,83",0,0,12,2023,PA
0,100,"49,92","0,25",0,0,11,2023,PA
"3,68","96,32","40,96","5,89",0,0,10,2023,PA
"27,8","72,2","21,95","0,22",0,0,9,2023,PA
"41,14","58,86","11,91","0,22",0,0,8,2023,PA
"52,13","47,87","9,68","0,22",0,0,7,2023,PA
"60,67","39,33","9,51","0,22",0,0,6,2023,PA
"72,07","27,93","7,01","0,22",0,0,5,2023,PA
"69,19","30,81","4,01","0,22",0,0,4,2023,PA
"12,68","87,32","77,52","51,91",0,0,6,2025,PB
"12,67","87,33","67,58","52,86",0,0,5,2025,PB
"0,03","99,97","62,87",0,0,0,4,2025,PB
"8,48","91,52","25,08",0,0,0,3,2025,PB
"8,48","91,52",0,0,0,0,2,2025,PB
0,100,0,0,0,0,1,2025,PB
0,100,"99,99",0,0,0,12,2024,PB
0,100,"91,62",0,0,0,11,2024,PB
0,100,"8,33",0,0,0,10,2024,PB
0,100,0,0,0,0,9,2024,PB
"54,85","45,15",0,0,0,0,8,2024,PB
"74,43","25,57",0,0,0,0,7,2024,PB
100,0,0,0,0,0,6,2024,PB
100,0,0,0,0,0,5,2024,PB
100,0,0,0,0,0,4,2024,PB
"74,8","25,2",0,0,0,0,3,2024,PB
"20,82","79,18","20,02",0,0,0,2,2024,PB
"16,82","83,18","61,73","0,94",0,0,1,2024,PB
"16,82","83,18","49,73",0,0,0,12,2023,PB
"15,52","84,48","41,3",0,0,0,11,2023,PB
"15,52","84,48","34,49",0,0,0,10,2023,PB
"19,64","80,36","14,75",0,0,0,9,2023,PB
"66,68","33,32","4,17",0,0,0,8,2023,PB
"75,42","24,58","4,17",0,0,0,7,2023,PB
"85,63","14,37",0,0,0,0,6,2023,PB
"65,76","34,24",0,0,0,0,5,2023,PB
"67,35","32,65",0,0,0,0,4,2023,PB
"74,8","25,2",0,0,0,0,3,2023,PB
"64,4","35,6","2,07",0,0,0,2,2023,PB
"92,59","7,41","2,07",0,0,0,1,2023,PB
"92,31","7,69","2,36",0,0,0,12,2022,PB
"76,46","23,54","7,7",0,0,0,11,2022,PB
"53,59","46,41","7,77",0,0,0,10,2022,PB
"56,39","43,61","7,34",0,0,0,9,2022,PB
"63,91","36,09","7,34",0,0,0,8,2022,PB
"64,93","35,07","13,02",0,0,0,7,2022,PB
"57,53","42,47","28,98",0,0,0,6,2022,PB
"50,42","49,58","30,34",0,0,0,5,2022,PB
"37,93","62,07","57,43","24,28",0,0,4,2022,PB
"34,16","65,84","57,43","22,27",0,0,3,2022,PB
"14,39","85,61","64,13","32,52",0,0,2,2022,PB
"14,69","85,31","64,13","33,06",0,0,1,2022,PB
0,100,"65,85","33,37",0,0,12,2021,PB
0,100,"66,55","40,22",0,0,11,2021,PB
0,100,"66,38","27,2",0,0,10,2021,PB
0,100,"61,64","26,91",0,0,9,2021,PB
0,100,"61,64","26,91",0,0,8,2021,PB
0,100,"60,47","25,68",0,0,7,2021,PB
0,100,"57,26","21,07",0,0,6,2021,PB
"13,24","86,76","56,77","5,38",0,0,5,2021,PB
"12,69","87,31","55,02","5,38",0,0,4,2021,PB
0,100,"62,62","0,34",0,0,3,2021,PB
0,100,"58,27",0,0,0,2,2021,PB
0,100,"46,06",0,0,0,1,2021,PB
"17,34","82,66","36,61",0,0,0,12,2020,PB
"18,33","81,67","30,38",0,0,0,11,2020,PB
"1,03","98,97","30,26",0,0,0,10,2020,PB
"38,93","61,07","16,43",0,0,0,9,2020,PB
"53,97","46,03","7,67",0,0,0,8,2020,PB
"74,18","25,82",0,0,0,0,7,2020,PB
"60,37","39,63",0,0,0,0,6,2020,PB
"45,29","54,71","15,64",0,0,0,5,2020,PB
"24,78","75,22","23,71",0,0,0,4,2020,PB
"0,13","99,87","65,64",0,0,0,3,2020,PB
"0,12","99,88","98,93","46,21",0,0,2,2020,PB
0,100,"95,05","64,93",0,0,1,2020,PB
"0,01","99,99","83,54","63,33",0,0,12,2019,PB
"8,29","91,71","83,54","51,32",0,0,11,2019,PB
"12,54","87,46","75,8","9,01",0,0,10,2019,PB
"17,7","82,3","63,03","8,91",0,0,9,2019,PB
"17,65","82,35","63,11","8,91",0,0,8,2019,PB
"9,29","90,71","69,48","10,98",0,0,7,2019,PB
"9,29","90,71","75,08","29,97",0,0,6,2019,PB
"8,81","91,19","70,07","29,56",0,0,5,2019,PB
"8,81","91,19","70,06","23,45",0,0,4,2019,PB
"0,15","99,85","92,93","47,08",0,0,3,2019,PB
0,100,"92,92","89,16","26,54",0,2,2019,PB
0,100,"92,92","90,01","27,52",0,1,2019,PB
0,100,"94,71","90,84","27,52",0,12,2018,PB
0,100,"94,75","90,84","42,65",0,11,2018,PB
0,100,"94,75","90,84","44,2",0,10,2018,PB
0,100,"93,09","86,75","10,95",0,9,,PB
0,100,"88,62","67,23",0,0,8,2018,PB
0,100,"87,2","58,31",0,0,7,2018,PB
"6,57","93,43","68,62","9,59",0,0,6,2018,PB
"7,02","92,98","52,15","6,62",0,0,5,2018,PB
"7,02","92,98","86,55","38,01",0,0,4,2018,PB
"7,02","92,98","86,72","81,78","31,61",0,3,2018,PB
"6,14","93,86","89,9","83,45","40,64","28,49",2,2018,PB
0,100,100,"89,61","78,16","67,46",1,2018,PB
0,100,100,"89,03","78,16","67,77",12,2017,PB
0,100,"93,13","83,66","78,16","53,6",11,2017,PB
"1,66","98,34","90,84","83,01","75,71","38,73",10,2017,PB
"1,73","98,27","89,97","81,93","71,05","0,35",9,2017,PB
"1,71","98,29","85,31","81,37","71,03",0,8,2017,PB
0,100,"86,24","82,97","47,22","26,41",7,2017,PB
0,100,"86,24","82,97","47,22","26,41",6,2017,PB
0,100,100,100,"43,93","28,99",5,2017,PB
0,100,100,100,"56,62","31,79",4,2017,PB
0,100,100,100,"91,03","72,36",3,2017,PB
0,100,100,100,100,"83,14",2,2017,PB
0,100,100,100,100,"89,59",1,2017,PB
0,100,100,100,100,"89,59",12,2016,PB
0,100,100,100,100,"89,59",11,2016,PB
0,100,100,100,"94,36","81,34",10,2016,PB
0,100,100,"98,67","89,45","67,38",9,2016,PB
0,100,"98,83","89,29","86,12","35,12",8,2016,PB
0,100,"96,22","87,8","82,34","29,28",7,2016,PB
"6,51","93,49","87,64","79,29","35,84",0,6,2016,PB
"9,74","90,26","80,58","74,34","21,55",0,5,2016,PB
"12,29","87,71","80,38","46,32","8,41",0,4,2016,PB
"16,98","83,02","80,23","44,41","8,41",0,3,2016,PB
"11,84","88,16","82,45","80,02","74,07",0,2,2016,PB
"11,84","88,16","82,45","80,02","73,81",0,1,2016,PB
0,100,"91,46","86,3","82,35","67,37",12,2015,PB
0,100,100,"87,77","82,73","66,34",11,2015,PB
0,100,"94,05","85,71","81,62","54,63",10,2015,PB
0,100,"90,71","83,78","71,76","14,33",9,2015,PB
0,100,"90,71","83,78","71,76","14,23",8,2015,PB
"1,73","98,27","93,64","84,03","71,76","12,03",7,2015,PB
0,100,"97,78","95,24","85,15","10,5",6,2015,PB
0,100,"96,19","91,01","45,92","8,71",5,2015,PB
"0,13","99,87","96,27","90,83","46,17","10,01",4,2015,PB
"0,96","99,04","86,06","77,72","45,42","7,21",3,2015,PB
0,100,"86,31",78,"50,78","4,63",2,2015,PB
"0,79","99,21","86,26","78,23","46,31","0,09",1,2015,PB
"14,89","85,11","81,81","64,05","12,84","0,23",12,2014,PB
"15,18","84,82","81,21","58,76","3,87","0,16",11,2014,PB
0,100,"78,1","12,65","2,77","0,13",10,2014,PB
0,100,"47,5","8,06",0,0,9,2014,PB
0,100,"67,95","32,02","15,59",0,8,2014,PB
0,100,"53,67","7,77","1,17",0,7,2014,PB
"47,61","52,39","18,76",0,0,0,6,2025,PR
"25,43","74,57","39,62",0,0,0,5,2025,PR
"26,37","73,63","26,62",0,0,0,4,2025,PR
"26,37","73,63","24,29",0,0,0,3,2025,PR
"48,5","51,5","18,18","0,56",0,0,2,2025,PR
"58,46","41,54","18,18","0,55",0,0,1,2025,PR
"56,64","43,36","19,9","0,82",0,0,12,2024,PR
"27,53","72,47","51,41","20,6",0,0,11,2024,PR
"27,53","72,47","50,6","23,56",0,0,10,2024,PR
"27,53","72,47","49,68",0,0,0,9,2024,PR
"27,82","72,18","49,68",0,0,0,8,2024,PR
"38,71","61,29","32,51",0,0,0,7,2024,PR
"39,71","60,29","26,32",0,0,0,6,2024,PR
"39,7","60,3","10,44",0,0,0,5,2024,PR
"47,15","52,85","10,44",0,0,0,4,2024,PR
"50,1","49,9","10,43",0,0,0,3,2024,PR
"69,85","30,15",0,0,0,0,2,2024,PR
100,0,0,0,0,0,1,2024,PR
100,0,0,0,0,0,12,2023,PR
100,0,0,0,0,0,11,2023,PR
100,0,0,0,0,0,10,2023,PR
"86,62","13,38",0,0,0,0,9,2023,PR
100,0,0,0,0,0,8,2023,PR
100,0,0,0,0,0,7,2023,PR
"95,25","4,75",0,0,0,0,6,2023,PR
100,0,0,0,0,0,5,2023,PR
100,0,0,0,0,0,4,2023,PR
100,0,0,0,0,0,3,2023,PR
"96,1","3,9",0,0,0,0,2,2023,PR
"77,64","22,36","3,93",0,0,0,1,2023,PR
"68,96","31,04","18,04",0,0,0,12,2022,PR
"62,55","37,45","26,1",0,0,0,11,2022,PR
"62,55","37,45","26,1",0,0,0,10,2022,PR
"52,36","47,64","34,59","18,05",0,0,9,2022,PR
"43,53","56,47","46,88","23,56",0,0,8,2022,PR
"32,23","67,77","46,92","23,56",0,0,7,2022,PR
"31,27","68,73","46,93","23,56",0,0,6,2022,PR
"2,21","97,79","57,92","23,56",0,0,5,2022,PR
"2,21","97,79","96,28","25,65",0,0,4,2022,PR
"2,1","97,9","96,28","89,06","3,91",0,3,2022,PR
"2,1","97,9","96,27","90,9","3,91",0,2,2022,PR
"2,1","97,9","96,27","90,9",0,0,1,2022,PR
"2,1","97,9","96,81","73,68",0,0,12,2021,PR
"2,1","97,9","96,81","47,04",0,0,11,2021,PR
"2,11","97,89","96,81","34,72",0,0,10,2021,PR
"2,1","97,9","96,79","65,75",0,0,9,2021,PR
"2,05","97,95","96,8","64,12",0,0,8,2021,PR
0,100,"97,92","55,96",0,0,7,2021,PR
"2,08","97,92","96,65","49,24",0,0,6,2021,PR
"2,09","97,91","96,65","46,39",0,0,5,2021,PR
"2,09","97,91","86,95","40,92",0,0,4,2021,PR
"2,09","97,91","72,43","18,56",0,0,3,2021,PR
0,100,"99,92","36,28",0,0,2,2021,PR
0,100,100,"39,78",0,0,1,2021,PR
0,100,100,"97,72","4,79",0,12,2020,PR
0,100,100,"99,98","14,06",0,11,2020,PR
0,100,100,"82,22","8,6",0,10,2020,PR
0,100,100,"69,77","8,6",0,9,2020,PR
0,100,100,"69,75","8,61",0,8,2020,PR
"6,74","93,26","73,45","39,82",0,0,6,2025,PE
"6,75","93,25","88,82","60,55",0,0,5,2025,PE
0,100,"88,82","32,86",0,0,4,2025,PE
0,100,"75,37","6,06",0,0,3,2025,PE
0,100,"26,33",0,0,0,2,2025,PE
0,100,"32,81",0,0,0,1,2025,PE
0,100,100,"12,8",0,0,12,2024,PE
0,100,"95,42","0,03",0,0,11,2024,PE
0,100,"64,35","7,08",0,0,10,2024,PE
0,100,"25,83",0,0,0,9,2024,PE
"40,02","59,98","20,99",0,0,0,8,2024,PE
"55,01","44,99",0,0,0,0,7,2024,PE
"82,65","17,35",0,0,0,0,6,2024,PE
"86,07","13,93",0,0,0,0,5,2024,PE
"88,06","11,94",0,0,0,0,4,2024,PE
"25,62","74,38","11,69",0,0,0,3,2024,PE
"18,5","81,5","43,09",0,0,0,2,2024,PE
"15,67","84,33","65,36","10,75",0,0,1,2024,PE
"15,67","84,33","61,27","2,61",0,0,12,2023,PE
"15,68","84,32","53,49","2,6",0,0,11,2023,PE
"15,68","84,32","40,99",0,0,0,10,2023,PE
"18,89","81,11",0,0,0,0,9,2023,PE
"33,47","66,53",0,0,0,0,8,2023,PE
"62,17","37,83",0,0,0,0,7,2023,PE
88,12,0,0,0,0,6,2023,PE
"75,4","24,6",0,0,0,0,5,2023,PE
"74,42","25,58",0,0,0,0,4,2023,PE
"74,72","25,28",0,0,0,0,3,2023,PE
"74,16","25,84",0,0,0,0,2,2023,PE
100,0,0,0,0,0,1,2023,PE
100,0,0,0,0,0,12,2022,PE
100,0,0,0,0,0,11,2022,PE
"54,98","45,02",0,0,0,0,10,2022,PE
"39,47","60,53",0,0,0,0,9,2022,PE
"39,94","60,06",0,0,0,0,8,2022,PE
"46,62","53,38","1,57",0,0,0,7,2022,PE
"36,59","63,41","15,53",0,0,0,6,2022,PE
"29,05","70,95","16,74",0,0,0,5,2022,PE
"15,32","84,68","37,91",0,0,0,4,2022,PE
"8,34","91,66","37,91",0,0,0,3,2022,PE
"7,06","92,94","42,26",0,0,0,2,2022,PE
"11,31","88,69","42,26",0,0,0,1,2022,PE
"6,47","93,53","62,04",0,0,0,12,2021,PE
"6,47","93,53","75,59","6,85",0,0,11,2021,PE
0,100,"66,38","27,2",0,0,10,2021,PE
"6,82","93,18","66,05","6,87",0,0,9,2021,PE
"12,49","87,51","66,05","1,35",0,0,8,2021,PE
"7,24","92,76","66,12",0,0,0,7,2021,PE
"7,75","92,25","64,77",0,0,0,6,2021,PE
"21,42","78,58","62,22",0,0,0,5,2021,PE
"14,98","85,02","62,22","3,77",0,0,4,2021,PE
0,100,"71,43","3,77",0,0,3,2021,PE
0,100,"54,23",0,0,0,2,2021,PE
0,100,"36,67",0,0,0,1,2021,PE
"23,74","76,26","9,13",0,0,0,12,2020,PE
"23,7","76,3","2,28",0,0,0,11,2020,PE
"19,96","80,04","5,06",0,0,0,10,2020,PE
"29,28","70,72","2,27",0,0,0,9,2020,PE
"45,71","54,29",0,0,0,0,8,2020,PE
"62,32","37,68",0,0,0,0,7,2020,PE
"56,62","43,38",0,0,0,0,6,2020,PE
"41,28","58,72","4,35",0,0,0,5,2020,PE
"21,42","78,58","10,71",0,0,0,4,2020,PE
0,100,"65,21",0,0,0,3,2020,PE
0,100,100,"36,16",0,0,2,2020,PE
0,100,100,"66,59","1,55",0,1,2020,PE
0,100,"84,49","65,77","5,61",0,12,2019,PE
"3,02","96,98","84,49","66,95","5,61",0,11,2019,PE
"12,57","87,43","81,8","51,2","5,65",0,10,2019,PE
"14,3","85,7","79,89","51,16","5,64",0,9,2019,PE
"14,27","85,73","79,94","47,99","5,65",0,8,2019,PE
"10,4","89,6","84,44","45,03","0,79",0,7,2019,PE
"10,4","89,6","87,46","52,88","4,33",0,6,2019,PE
"7,86","92,14","88,22","50,99",0,0,5,2019,PE
"7,86","92,14","88,21","50,99",0,0,4,2019,PE
"2,88","97,12","92,07","80,51","7,05","1,47",3,2019,PE
"2,81","97,19","92,31","88,67","56,61","4,19",2,2019,PE
"2,81","97,19","92,31","90,03","66,12","8,52",1,2019,PE
0,100,"96,09","91,42","66,13","8,52",12,2018,PE
0,100,"96,09","91,43","77,48","11,32",11,2018,PE
0,100,"96,09","91,43","81,65","11,32",10,2018,PE
0,100,"92,94","89,55","72,95","11,32",9,,PE
"0,01","99,99","91,68","82,16","46,19","11,26",8,2018,PE
"0,01","99,99","92,2","82,16","34,57","2,63",7,2018,PE
"5,46","94,54","86,56","71,86","12,64","1,08",6,2018,PE
"7,74","92,26","84,67","59,63","5,47",0,5,2018,PE
"7,73","92,27","85,07","60,64","1,62",0,4,2018,PE
"7,69","92,31","87,88","80,59","30,03","3,21",3,2018,PE
"9,1","90,9","83,09","74,55","30,87","21,99",2,2018,PE
"7,14","92,86","86,49","79,96","65,34","54,59",1,2018,PE
"4,06","95,94","88,72","77,21","65,34","54,23",12,2017,PE
"3,14","96,86","88,53","75,18","65,18","51,01",11,2017,PE
"6,33","93,67","83,09","73,72","61,23","37,35",10,2017,PE
"7,46","92,54","79,85","69,19","50,99","30,42",9,2017,PE
"7,64","92,36","75,52","68,52","50,9","29,1",8,2017,PE
"6,27","93,73","78,38","70,82","42,82","30,59",7,2017,PE
"6,27","93,73","78,38","70,82","42,82","30,59",6,2017,PE
0,100,"91,66","79,3","46,41","34,02",5,2017,PE
0,100,100,100,"85,36","68,55",4,2017,PE
0,100,100,100,"99,87","91,2",3,2017,PE
0,100,100,100,100,"93,55",2,2017,PE
0,100,100,100,100,"93,6",1,2017,PE
0,100,100,100,100,"92,78",12,2016,PE
0,100,100,100,100,"92,78",11,2016,PE
0,100,100,100,"95,45","89,94",10,2016,PE
0,100,100,"98,67","89,45","67,38",9,2016,PE
0,100,"98,83","89,29","86,12","35,12",8,2016,PE
0,100,"96,22","87,8","82,34","29,28",7,2016,PE
"4,31","95,69","89,88","86,98","83,53",0,6,2016,PE
"7,78","92,22","86,61","84,68","75,15",0,5,2016,PE
"8,95","91,05","86,07","83,68","71,93",0,4,2016,PE
"12,38","87,62","86,07","83,26","69,82",0,3,2016,PE
"9,54","90,46","86,97","84,04","78,08",0,2,2016,PE
"9,54","90,46","86,97","84,04","78,63",0,1,2016,PE
0,100,"95,58","90,98","88,22","82,44",12,2015,PE
0,100,100,"95,4","90,6","78,19",11,2015,PE
"0,02","99,98","97,87","90,08","82,95","77,75",10,2015,PE
"0,02","99,98","91,55","85,35","80,53","55,7",9,2015,PE
"0,02","99,98","91,55","84,76","79,41","55,5",8,2015,PE
"0,02","99,98","87,27","83,48","76,39","50,67",7,2015,PE
"0,02","99,98","98,16","92,91","83,37","40,69",6,2015,PE
"0,02","99,98","99,98","91,4","83,35","32,1",5,2015,PE
"0,02","99,98","99,98","97,53","82,38","34,58",4,2015,PE
"0,02","99,98","91,84","82,88","77,85","35,09",3,2015,PE
"0,02","99,98","97,5","83,87","69,29","29,55",2,2015,PE
"0,18","99,82","97,3","84,6","44,29",0,1,2015,PE
"8,62","91,38","60,25","42,2","19,33","5,83",12,2014,PE
"8,62","91,38","87,8","78,97","58,06","25,17",11,2014,PE
"3,65","96,35","93,33","78,27","59,05","24,84",10,2014,PE
"0,02","99,98","98,78","83,18","61,68","21,95",9,2014,PE
"0,02","99,98","97,07","91,67","79,27","25,53",8,2014,PE
"0,02","99,98","96,41","69,48","56,22","31,53",7,2014,PE
0,100,"98,36","44,73",0,0,6,2025,PI
0,100,"72,38","44,73",0,0,5,2025,PI
0,100,"77,85","17,65",0,0,4,2025,PI
"1,1","98,9","37,67",11,0,0,3,2025,PI
0,100,"48,16",0,0,0,2,2025,PI
0,100,"0,44",0,0,0,1,2025,PI
0,100,"33,63",0,0,0,12,2024,PI
0,100,"43,25",0,0,0,11,2024,PI
0,100,"57,9","14,34",0,0,10,2024,PI
0,100,"55,32","7,38",0,0,9,2024,PI
"18,73","81,27","24,29",0,0,0,8,2024,PI
"33,6","66,4","16,34",0,0,0,7,2024,PI
"48,97","51,03","14,28",0,0,0,6,2024,PI
"46,48","53,52","14,28",0,0,0,5,2024,PI
"77,02","22,98","14,28",0,0,0,4,2024,PI
"43,52","56,48","18,7",0,0,0,3,2024,PI
"38,36","61,64","35,11","1,64",0,0,2,2024,PI
"26,88","73,12","39,13","2,53",0,0,1,2024,PI
0,100,"52,34","13,55",0,0,12,2023,PI
0,100,"66,79",0,0,0,11,2023,PI
0,100,"79,4",0,0,0,10,2023,PI
"0,95","99,05","30,6",0,0,0,9,2023,PI
"4,59","95,41","8,79",0,0,0,8,2023,PI
"10,4","89,6","8,79",0,0,0,7,2023,PI
"20,79","79,21","8,79",0,0,0,6,2023,PI
"71,07","28,93","8,79",0,0,0,5,2023,PI
"71,07","28,93","8,78",0,0,0,4,2023,PI
"71,07","28,93",0,0,0,0,3,2023,PI
"80,69","19,31",0,0,0,0,2,2023,PI
100,0,0,0,0,0,1,2023,PI
100,0,0,0,0,0,12,2022,PI
"89,23","10,77",0,0,0,0,11,2022,PI
"49,24","50,76","4,11",0,0,0,10,2022,PI
"45,32","54,68","4,07",0,0,0,9,2022,PI
"48,45","51,55","4,07",0,0,0,8,2022,PI
"53,84","46,16",0,0,0,0,7,2022,PI
"53,84","46,16",0,0,0,0,6,2022,PI
"56,66","43,34",0,0,0,0,5,2022,PI
"67,91","32,09",0,0,0,0,4,2022,PI
"72,67","27,33",0,0,0,0,3,2022,PI
"68,46","31,54",0,0,0,0,2,2022,PI
"68,48","31,52",0,0,0,0,1,2022,PI
"55,63","44,37","26,48",0,0,0,12,2021,PI
"21,17","78,83","71,06","13,48",0,0,11,2021,PI
"18,31","81,69","71,47","20,82",0,0,10,2021,PI
"14,89","85,11","71,47","20,81",0,0,9,2021,PI
"14,89","85,11","71,47","8,87",0,0,8,2021,PI
"13,68","86,32","66,23","8,87",0,0,7,2021,PI
"13,68","86,32","48,05","8,87",0,0,6,2021,PI
"12,29","87,71","45,95",0,0,0,5,2021,PI
"16,91","83,09","44,41",0,0,0,4,2021,PI
"17,32","82,68","53,17",0,0,0,3,2021,PI
"8,7","91,3","22,49",0,0,0,2,2021,PI
"8,4","91,6","22,7","7,22",0,0,1,2021,PI
"7,72","92,28","17,86","7,22",0,0,12,2020,PI
"7,74","92,26","17,7","7,19",0,0,11,2020,PI
"7,74","92,26","33,09","7,19",0,0,10,2020,PI
"7,89","92,11","29,69","7,19",0,0,9,2020,PI
"20,71","79,29","26,35","7,19",0,0,8,2020,PI
"52,24","47,76","24,01","7,19",0,0,7,2020,PI
"56,32","43,68","21,67","7,19",0,0,6,2020,PI
"50,06","49,94","21,65","7,19",0,0,5,2020,PI
"43,65","56,35","30,42","7,19",0,0,4,2020,PI
"21,18","78,82","39,45","19,96",0,0,3,2020,PI
"16,72","83,28","77,06","29,23",0,0,2,2020,PI
"11,28","88,72","80,14","39,12",0,0,1,2020,PI
"9,82","90,18","80,14","42,94","0,05",0,12,2019,PI
"10,26","89,74","80,15","43,08","0,05",0,11,2019,PI
"11,48","88,52","74,65","24,8","0,05",0,10,2019,PI
"11,75","88,25","51,63","23,82","0,05",0,9,2019,PI
"11,7","88,3","49,24","12,77","0,05",0,8,2019,PI
"29,12","70,88","41,47","7,57",0,0,7,2019,PI
"29,12","70,88","40,18","3,39",0,0,6,2019,PI
"29,14","70,86","40,11","3,45",0,0,5,2019,PI
"28,7","71,3","46,61","3,44",0,0,4,2019,PI
"20,02","79,98","65,77","22,95","5,99",0,3,2019,PI
"16,13","83,87","78,44","37,32","12,43","0,6",2,2019,PI
"16,11","83,89","78,61","68,42","12,83","0,44",1,2019,PI
"8,37","91,63","81,77","72,89","12,83","0,44",12,2018,PI
"0,06","99,94","88,63","75,35","31,98","1,07",11,2018,PI
"0,08","99,92","88,63","75,35","31,98","1,07",10,2018,PI
"0,08","99,92","88,37","79,65","31,98","1,07",9,,PI
"5,92","94,08","87,5","78,58","31,95","1,01",8,2018,PI
"5,92","94,08","87,5","78,58","11,4",0,7,2018,PI
"11,34","88,66","84,87","49,05","2,38",0,6,2018,PI
"12,88","87,12","78,53","40,11",0,0,5,2018,PI
"12,88","87,12","78,53","40,11",0,0,4,2018,PI
"4,85","95,15","82,81","48,2","10,66",0,3,2018,PI
"4,45","95,55","80,5","74,3","63,02","52,2",2,2018,PI
0,100,"99,44","93,24","62,66","13,22",1,2018,PI
0,100,100,"99,29","91,84","44,9",12,2017,PI
0,100,100,"97,74","90,35","50,6",11,2017,PI
0,100,100,"86,9","80,34","54,02",10,2017,PI
"0,01","99,99","98,45","85,99","65,31","38,42",9,2017,PI
"0,5","99,5","86,49","67,36","41,36","27,98",8,2017,PI
"14,27","85,73","81,39","57,53","36,12","24,8",7,2017,PI
"14,27","85,73","81,39","57,53","36,31","24,8",6,2017,PI
"16,02","83,98","80,89","55,74","34,34","17,45",5,2017,PI
"8,25","91,75","77,15","54,97","34,18","18,49",4,2017,PI
0,100,"84,66","63,39","41,25","24,79",3,2017,PI
0,100,100,"72,54","45,13","25,13",2,2017,PI
0,100,100,100,"98,58","84,83",1,2017,PI
0,100,100,100,100,"96,13",12,2016,PI
0,100,100,100,100,"83,13",11,2016,PI
0,100,100,100,"97,79","60,52",10,2016,PI
0,100,100,"98,43","93,9","28,53",9,2016,PI
0,100,100,"94,49","89,14","3,39",8,2016,PI
0,100,100,"94,4","87,36","1,85",7,2016,PI
0,100,100,"94,4","67,21",0,6,2016,PI
0,100,100,"93,85","36,44",0,5,2016,PI
0,100,"95,22","86,86","13,74",0,4,2016,PI
0,100,"96,2","40,84","7,56",0,3,2016,PI
0,100,100,"48,98","20,65",0,2,2016,PI
0,100,100,"50,06","4,67",0,1,2016,PI
0,100,100,100,100,"72,3",12,2015,PI
0,100,100,100,"98,43","48,58",11,2015,PI
0,100,100,100,"98,37","36,53",10,2015,PI
0,100,100,"99,97","84,62","24,66",9,2015,PI
0,100,100,"99,97","69,18","10,24",8,2015,PI
0,100,100,"97,17","45,32","6,25",7,2015,PI
0,100,100,"81,72","31,27","0,02",6,2015,PI
0,100,99,"91,15","25,58",0,5,2015,PI
0,100,100,"83,12","30,69",0,4,2015,PI
0,100,"99,74","75,7","46,65",0,3,2015,PI
0,100,"99,66","70,94","37,13","2,18",2,2015,PI
0,100,"97,61","86,75","40,84","2,21",1,2015,PI
0,100,"95,13","77,91","34,28","7,55",12,2014,PI
0,100,"94,9","77,82","34,28","7,55",11,2014,PI
0,100,"93,6","84,34","42,74","4,7",10,2014,PI
"1,71","98,29","90,82","57,64","36,71","4,53",9,2014,PI
"13,27","86,73","70,38","23,85","17,09","4,97",8,2014,PI
"13,27","86,73","48,74","13,69","5,42","2,89",7,2014,PI
"72,61","27,39",0,0,0,0,6,2025,RJ
"72,61","27,39","11,02",0,0,0,5,2025,RJ
"72,62","27,38","11,08",0,0,0,4,2025,RJ
0,100,"83,68",0,0,0,3,2025,RJ
0,100,"64,89",0,0,0,2,2025,RJ
100,0,0,0,0,0,1,2025,RJ
"40,97","59,03",0,0,0,0,12,2024,RJ
"26,79","73,21","40,06",0,0,0,11,2024,RJ
0,100,"66,55",0,0,0,10,2024,RJ
0,100,"66,57",0,0,0,9,2024,RJ
"13,16","86,84","38,66",0,0,0,8,2024,RJ
"16,42","83,58","24,05",0,0,0,7,2024,RJ
"16,42","83,58",0,0,0,0,6,2024,RJ
"57,6","42,4",0,0,0,0,5,2024,RJ
"96,28","3,72",0,0,0,0,4,2024,RJ
100,0,0,0,0,0,3,2024,RJ
"58,38","41,62",0,0,0,0,2,2024,RJ
"58,44","41,56",0,0,0,0,1,2024,RJ
"58,44","41,56",0,0,0,0,12,2023,RJ
"75,79","24,21",0,0,0,0,11,2023,RJ
100,0,0,0,0,0,10,2023,RJ
100,0,0,0,0,0,9,2023,RJ
100,0,0,0,0,0,8,2023,RJ
"29,71","70,29",0,0,0,0,7,2023,RJ
"40,82","59,18",0,0,0,0,6,2023,RJ
"40,82","59,18",0,0,0,0,5,2023,RJ
"76,16","23,84",0,0,0,0,4,2023,RJ
"76,16","23,84",0,0,0,0,3,2023,RJ
100,0,0,0,0,0,2,2023,RJ
"93,13","6,87",0,0,0,0,1,2023,RJ
"80,16","19,84",0,0,0,0,12,2022,RJ
"80,18","19,82","0,06",0,0,0,11,2022,RJ
"58,64","41,36","0,06",0,0,0,10,2022,RJ
"58,39","41,61","0,06",0,0,0,9,2022,RJ
"28,29","71,71","3,28","0,04",0,0,8,2022,RJ
"49,38","50,62","3,28","0,04",0,0,7,2022,RJ
"81,24","18,76","3,27","0,04",0,0,6,2022,RJ
"91,04","8,96","3,27","0,04",0,0,5,2022,RJ
"91,08","8,92","3,27","0,04",0,0,4,2022,RJ
"79,28","20,72","3,27","0,04",0,0,3,2022,RJ
"79,28","20,72","3,31","0,04",0,0,2,2022,RJ
"76,8","23,2","3,31","0,34",0,0,1,2022,RJ
"50,81","49,19","3,3","0,34",0,0,12,2021,RJ
"50,8","49,2","3,3","0,34",0,0,11,2021,RJ
"46,07","53,93","3,3","0,32",0,0,10,2021,RJ
"16,86","83,14","53,91","0,3",0,0,9,2021,RJ
"16,86","83,14","41,33",0,0,0,8,2021,RJ
"16,86","83,14","41,33",0,0,0,7,2021,RJ
"36,36","63,64","32,14",0,0,0,6,2021,RJ
"39,82","60,18","18,77",0,0,0,5,2021,RJ
"44,27","55,73",0,0,0,0,4,2021,RJ
"44,27","55,73",0,0,0,0,3,2021,RJ
"74,86","25,14",0,0,0,0,2,2021,RJ
35,65,"6,56",0,0,0,1,2021,RJ
"78,12","21,88","6,56",0,0,0,12,2020,RJ
"58,02","41,98","18,71",0,0,0,11,2020,RJ
"37,77","62,23","20,13",0,0,0,10,2020,RJ
0,100,"28,74",0,0,0,9,2020,RJ
"0,65","99,35","28,6",0,0,0,8,2020,RJ
"6,21","93,79",0,0,0,0,7,2020,RJ
"49,89","50,11",0,0,0,0,6,2020,RJ
100,0,0,0,0,0,5,2020,RJ
"12,8","87,2","74,7","25,02",0,0,6,2025,RN
"7,38","92,62","53,09","20,58",0,0,5,2025,RN
0,100,"35,96",0,0,0,4,2025,RN
"65,9","34,1",0,0,0,0,3,2025,RN
"65,9","34,1",0,0,0,0,2,2025,RN
"45,12","54,88",0,0,0,0,1,2025,RN
0,100,"26,23",0,0,0,12,2024,RN
0,100,"20,35",0,0,0,11,2024,RN
"5,17","94,83","11,88",0,0,0,10,2024,RN
"5,1","94,9",0,0,0,0,9,2024,RN
"67,97","32,03",0,0,0,0,8,2024,RN
"84,85","15,15",0,0,0,0,7,2024,RN
100,0,0,0,0,0,6,2024,RN
100,0,0,0,0,0,5,2024,RN
100,0,0,0,0,0,4,2024,RN
"98,8","1,2",0,0,0,0,3,2024,RN
"36,76","63,24","0,22",0,0,0,2,2024,RN
"7,25","92,75","43,86",0,0,0,1,2024,RN
"7,25","92,75","43,77",0,0,0,12,2023,RN
0,100,"43,91",0,0,0,11,2023,RN
0,100,"39,56",0,0,0,10,2023,RN
"6,35","93,65","29,39",0,0,0,9,2023,RN
"38,25","61,75","15,49",0,0,0,8,2023,RN
"48,01","51,99","15,49",0,0,0,7,2023,RN
"56,44","43,56",0,0,0,0,6,2023,RN
"58,93","41,07",0,0,0,0,5,2023,RN
"82,49","17,51",0,0,0,0,4,2023,RN
"89,59","10,41",0,0,0,0,3,2023,RN
"67,8","32,2","4,13",0,0,0,2,2023,RN
"77,73","22,27","4,13",0,0,0,1,2023,RN
"86,16","13,84","4,22",0,0,0,12,2022,RN
"80,8","19,2","7,2",0,0,0,11,2022,RN
"80,76","19,24","7,19",0,0,0,10,2022,RN
"85,61","14,39","2,43",0,0,0,9,2022,RN
"88,48","11,52","2,43",0,0,0,8,2022,RN
"88,49","11,51","2,43",0,0,0,7,2022,RN
"86,96","13,04","6,38",0,0,0,6,2022,RN
"57,75","42,25","6,41",0,0,0,5,2022,RN
"50,24","49,76","18,8","5,67",0,0,4,2022,RN
"10,03","89,97","20,89","6,81",0,0,3,2022,RN
0,100,"87,03","16,43",0,0,2,2022,RN
0,100,"87,03","62,38",0,0,1,2022,RN
0,100,"87,28","64,32",0,0,12,2021,RN
0,100,"87,81","77,94",0,0,11,2021,RN
0,100,"87,95","74,63",0,0,10,2021,RN
0,100,"86,8","61,57",0,0,9,2021,RN
0,100,"86,8","52,66",0,0,8,2021,RN
0,100,"85,81","38,39",0,0,7,2021,RN
0,100,"85,84","29,59",0,0,6,2021,RN
0,100,"85,2","17,32",0,0,5,2021,RN
0,100,"73,27","17,32",0,0,4,2021,RN
0,100,"87,44","14,52",0,0,3,2021,RN
0,100,"81,81",0,0,0,2,2021,RN
0,100,"49,94",0,0,0,1,2021,RN
0,100,"23,62",0,0,0,12,2020,RN
"16,68","83,32","3,69",0,0,0,11,2020,RN
"16,68","83,32","3,57",0,0,0,10,2020,RN
"66,46","33,54",0,0,0,0,9,2020,RN
"85,43","14,57",0,0,0,0,8,2020,RN
"96,87","3,13",0,0,0,0,7,2020,RN
"73,23","26,77",0,0,0,0,6,2020,RN
"57,44","42,56",0,0,0,0,5,2020,RN
"49,82","50,18",0,0,0,0,4,2020,RN
"31,9","68,1","16,55",0,0,0,3,2020,RN
"12,47","87,53","65,38","10,62",0,0,2,2020,RN
0,100,"67,36","24,69",0,0,1,2020,RN
0,100,"77,76","32,97",0,0,12,2019,RN
"15,35","84,65","77,77","29,28",0,0,11,2019,RN
"17,93","82,07","77,68","21,53",0,0,10,2019,RN
"18,18","81,82","66,61","14,28",0,0,9,2019,RN
"18,15","81,85","49,65","14,28",0,0,8,2019,RN
"15,16","84,84","51,19","14,24",0,0,7,2019,RN
"15,16","84,84","51,15","10,48",0,0,6,2019,RN
"21,8","78,2","45,22","5,13",0,0,5,2019,RN
"23,21","76,79","45,51",0,0,0,4,2019,RN
"14,45","85,55","47,96","15,19",0,0,3,2019,RN
"6,41","93,59","81,43","31,43",0,0,2,2019,RN
0,100,"84,17","31,22","12,08",0,1,2019,RN
0,100,"91,06","59,35","12,08",0,12,2018,RN
0,100,"91,05","59,35","12,05",0,11,2018,RN
0,100,"91,05","59,35","12,05",0,10,2018,RN
0,100,"89,43","54,27",0,0,9,,RN
0,100,"86,32","23,05",0,0,8,2018,RN
"9,72","90,28","45,68","9,38",0,0,7,2018,RN
"16,25","83,75","27,81",0,0,0,6,2018,RN
"8,66","91,34","17,02",0,0,0,5,2018,RN
"8,66","91,34","77,28","11,5",0,0,4,2018,RN
"8,66","91,34","83,96","76,24","37,77",0,3,2018,RN
0,100,"89,54","79,57","45,06","18,34",2,2018,RN
0,100,100,"93,78","73,8","57,09",1,2018,RN
0,100,100,"93,59","73,82","57,09",12,2017,RN
0,100,"96,11","89,67","77,05","45,09",11,2017,RN
0,100,"94,82","88,32","75,02","25,22",10,2017,RN
"0,04","99,96","91,11","85,86","69,86","6,76",9,2017,RN
"0,03","99,97","89,63","85,88","52,99",0,8,2017,RN
0,100,"99,83","92,21","59,88","16,66",7,2017,RN
0,100,"99,83","92,21","59,88","13,66",6,2017,RN
0,100,100,"93,25","58,81","7,95",5,2017,RN
0,100,100,"89,61","44,76","9,99",4,2017,RN
0,100,100,100,"62,75","26,73",3,2017,RN
0,100,100,100,100,"41,92",2,2017,RN
0,100,100,100,100,"68,48",1,2017,RN
0,100,100,100,100,"64,57",12,2016,RN
0,100,100,100,100,"64,57",11,2016,RN
0,100,100,100,"99,3","53,4",10,2016,RN
0,100,100,100,"96,97","20,36",9,2016,RN
0,100,100,"97,85","84,4","13,08",8,2016,RN
0,100,"99,29","96,26","77,32","9,35",7,2016,RN
"4,82","95,18","81,89","69,84","59,14",0,6,2016,RN
"4,78","95,22","72,25","63,21","11,14",0,5,2016,RN
"4,82","95,18","85,95","35,96",0,0,4,2016,RN
"10,74","89,26","62,04","31,31",0,0,3,2016,RN
"10,08","89,92","73,27","60,63","37,55",0,2,2016,RN
"10,08","89,92","73,27","60,63","37,09",0,1,2016,RN
0,100,"92,53","81,27","77,48","65,98",12,2015,RN
0,100,100,"83,25","77,48","58,95",11,2015,RN
0,100,"86,52","77,06","72,77","46,97",10,2015,RN
0,100,"84,89","69,37","62,04","10,22",9,2015,RN
0,100,"84,89","69,37","62,04","8,74",8,2015,RN
"24,69","75,31","71,88","68,05","62,04","8,8",7,2015,RN
"7,97","92,03","77,68","70,03","57,72","11,24",6,2015,RN
0,100,"72,91","59,33","51,07","3,42",5,2015,RN
"7,97","92,03","77,68","70,03","57,72","11,24",4,2015,RN
"7,68","92,32","77,46","67,81","46,48","12,33",3,2015,RN
0,100,"87,74","76,78","60,6","12,33",2,2015,RN
"7,6","92,4","87,79","76,84","62,26","17,14",1,2015,RN
"9,95","90,05","84,55","75,89","56,11","24,8",12,2014,RN
"21,63","78,37","72,44","45,44","5,04",0,11,2014,RN
"12,79","87,21","62,98","15,19","3,9",0,10,2014,RN
"10,74","89,26","69,7","21,72","8,08",0,9,2014,RN
"12,07","87,93","53,35","31,25",0,0,8,2014,RN
"27,27","72,73","30,55","1,9",0,0,7,2014,RN
93,7,"3,02",0,0,0,6,2025,RS
"0,01","99,99","88,62","3,02",0,0,5,2025,RS
"0,01","99,99","88,62","51,05",0,0,4,2025,RS
"0,01","99,99","88,63","40,62",0,0,3,2025,RS
"0,01","99,99","60,26","31,8",0,0,2,2025,RS
"22,99","77,01","42,17","31,8",0,0,1,2025,RS
"71,17","28,83",0,0,0,0,12,2024,RS
"95,62","4,38",0,0,0,0,11,2024,RS
100,0,0,0,0,0,10,2024,RS
100,0,0,0,0,0,9,2024,RS
100,0,0,0,0,0,8,2024,RS
100,0,0,0,0,0,7,2024,RS
100,0,0,0,0,0,6,2024,RS
100,0,0,0,0,0,5,2024,RS
100,0,0,0,0,0,4,2024,RS
100,0,0,0,0,0,3,2024,RS
100,0,0,0,0,0,2,2024,RS
100,0,0,0,0,0,1,2024,RS
100,0,0,0,0,0,12,2023,RS
100,0,0,0,0,0,11,2023,RS
100,0,0,0,0,0,10,2023,RS
"77,14","22,86",0,0,0,0,9,2023,RS
"44,98","55,02","37,25","22,81",0,0,8,2023,RS
"32,15","67,85","42,66","22,81",0,0,7,2023,RS
0,100,"88,88","40,1","21,43",0,6,2023,RS
0,100,"96,11","40,1","21,43",0,5,2023,RS
0,100,"96,11","55,26","21,43",0,4,2023,RS
0,100,"96,11","55,26","21,43",0,3,2023,RS
0,100,"93,73","55,26","21,43",0,2,2023,RS
0,100,"90,09","41,91","21,43",0,1,2023,RS
0,100,"49,65","29,91",0,0,12,2022,RS
"6,05","93,95","29,32",0,0,0,11,2022,RS
"34,91","65,09","29,33",0,0,0,10,2022,RS
"50,28","49,72","29,29",0,0,0,9,2022,RS
"50,28","49,72","29,29",0,0,0,8,2022,RS
"50,28","49,72","34,45",0,0,0,7,2022,RS
"35,12","64,88","39,99","5,18",0,0,6,2022,RS
"12,77","87,23","60,9","23,2",0,0,5,2022,RS
"12,01","87,99","70,72","44,68",0,0,4,2022,RS
0,100,"87,47","68,04","27,95",0,3,2022,RS
0,100,"87,45","68,04","27,94",0,2,2022,RS
0,100,"84,02","67,35","9,91",0,1,2022,RS
0,100,"83,44","29,08","0,89",0,12,2021,RS
0,100,"51,16","8,07","0,62",0,11,2021,RS
0,100,"45,74","8,06","0,62",0,10,2021,RS
0,100,"45,75","8,55","2,04",0,9,2021,RS
0,100,"69,63","4,78","2,04",0,8,2021,RS
0,100,"65,06","4,78","0,15",0,7,2021,RS
0,100,"37,71","3,7",0,0,6,2021,RS
0,100,100,20,"0,42",0,5,2021,RS
0,100,100,"75,11",0,0,4,2021,RS
0,100,"85,15","30,15",0,0,3,2021,RS
0,100,"96,29","57,6",0,0,2,2021,RS
0,100,100,"71,67","1,97",0,1,2021,RS
0,100,100,"86,58","7,71",0,12,2020,RS
0,100,"97,89","60,76","0,51",0,11,2020,RS
0,100,"65,97","1,95",0,0,10,2020,RS
"13,32","86,68","20,49",0,0,0,9,2020,RS
"10,44","89,56","27,47",0,0,0,8,2020,RS
"60,68","39,32",0,0,0,0,6,2025,RO
"55,89","44,11",0,0,0,0,5,2025,RO
100,0,0,0,0,0,4,2025,RO
"57,45","42,55","7,89",0,0,0,3,2025,RO
0,100,"51,07","7,89",0,0,2,2025,RO
0,100,100,"10,48",0,0,1,2025,RO
0,100,100,"66,03","9,94",0,12,2024,RO
0,100,100,"84,33","11,06",0,11,2024,RO
0,100,100,"84,33","12,31",0,10,2024,RO
0,100,100,"76,64","12,31",0,9,2024,RO
0,100,100,"67,38","12,32",0,8,2024,RO
0,100,"67,49","24,7","0,18",0,7,2024,RO
"32,46","67,54","49,99","18,6",0,0,6,2024,RO
"32,46","67,54","49,98","18,4",0,0,5,2024,RO
"33,07","66,93","50,08","18,4",0,0,4,2024,RO
0,100,"57,87","24,97",0,0,3,2024,RO
0,100,"64,07","24,97","4,89",0,2,2024,RO
0,100,"69,77","25,42","4,89","1,57",1,2024,RO
0,100,"69,77","25,42","4,89","1,57",12,2023,RO
0,100,"52,04","20,83","3,09",0,11,2023,RO
0,100,"40,57","20,78","3,09",0,10,2023,RO
"38,92","61,08","22,14","7,39",0,0,9,2023,RO
"46,38","53,62","21,82","7,4",0,0,8,2023,RO
"51,3","48,7","18,19","3,31",0,0,7,2023,RO
"58,21","41,79","19,99","9,98",0,0,6,2023,RO
"47,09","52,91","19,99","9,98",0,0,5,2023,RO
"28,91","71,09","31,9","9,98",0,0,4,2023,RO
"27,89","72,11","31,9","9,98",0,0,3,2023,RO
"23,91","76,09","29,05","9,98",0,0,2,2023,RO
"29,91","70,09","25,55","9,98",0,0,1,2023,RO
"38,07","61,93","16,39",0,0,0,12,2022,RO
"49,48","50,52","16,39",0,0,0,11,2022,RO
"53,89","46,11","9,66",0,0,0,10,2022,RO
"55,31","44,69","9,55",0,0,0,9,2022,RO
"44,12","55,88","9,54",0,0,0,8,2022,RO
"86,48","13,52",0,0,0,0,6,2025,RR
"86,41","13,59",0,0,0,0,5,2025,RR
100,0,0,0,0,0,4,2025,RR
"97,76","2,24","0,05",0,0,0,3,2025,RR
"86,66","13,34","0,04",0,0,0,2,2025,RR
"63,63","36,37","13,94",0,0,0,1,2025,RR
"63,63","36,37","13,94",0,0,0,12,2024,RR
"72,39","27,61","13,62",0,0,0,11,2024,RR
"68,2","31,8","20,38",0,0,0,10,2024,RR
"23,03","76,97","28,09",0,0,0,9,2024,RR
"23,05","76,95","27,51",0,0,0,8,2024,RR
"23,05","76,95","12,42",0,0,0,7,2024,RR
0,100,"30,89",0,0,0,6,2024,RR
0,100,"88,6","18,31",0,0,5,2024,RR
0,100,100,"70,83",0,0,4,2024,RR
0,100,"99,19","70,83",0,0,3,2024,RR
0,100,"99,19","64,32",0,0,2,2024,RR
0,100,"99,19","64,32",0,0,1,2024,RR
0,100,"99,19","36,99",0,0,12,2023,RR
0,100,100,"24,79",0,0,11,2023,RR
"19,26","80,74","51,9",0,0,0,6,2025,SC
"1,91","98,09","72,26","14,36",0,0,5,2025,SC
"5,44","94,56","63,76","11,43",0,0,4,2025,SC
"5,44","94,56","63,76","11,1",0,0,3,2025,SC
"34,43","65,57",0,0,0,0,2,2025,SC
"56,35","43,65",0,0,0,0,1,2025,SC
"73,67","26,33",0,0,0,0,12,2024,SC
"54,48","45,52",0,0,0,0,11,2024,SC
"61,88","38,12",0,0,0,0,10,2024,SC
"50,04","49,96",0,0,0,0,9,2024,SC
"76,53","23,47",0,0,0,0,8,2024,SC
100,0,0,0,0,0,7,2024,SC
100,0,0,0,0,0,6,2024,SC
100,0,0,0,0,0,5,2024,SC
100,0,0,0,0,0,4,2024,SC
100,0,0,0,0,0,3,2024,SC
100,0,0,0,0,0,2,2024,SC
100,0,0,0,0,0,1,2024,SC
100,0,0,0,0,0,12,2023,SC
100,0,0,0,0,0,11,2023,SC
100,0,0,0,0,0,10,2023,SC
100,0,0,0,0,0,9,2023,SC
"92,65","7,35",0,0,0,0,8,2023,SC
"84,99","15,01",0,0,0,0,7,2023,SC
"65,96","34,04",0,0,0,0,6,2023,SC
"68,34","31,66","0,12",0,0,0,5,2023,SC
"68,34","31,66","0,12",0,0,0,4,2023,SC
"68,34","31,66","0,12",0,0,0,3,2023,SC
"71,52","28,48","0,12",0,0,0,2,2023,SC
"71,52","28,48",0,0,0,0,1,2023,SC
"71,52","28,48",0,0,0,0,12,2022,SC
"80,2","19,8",0,0,0,0,11,2022,SC
100,0,0,0,0,0,10,2022,SC
100,0,0,0,0,0,9,2022,SC
100,0,0,0,0,0,8,2022,SC
100,0,0,0,0,0,7,2022,SC
"89,57","10,43",0,0,0,0,6,2022,SC
"31,65","68,35",0,0,0,0,5,2022,SC
"8,19","91,81","63,16","18,75",0,0,4,2022,SC
"8,24","91,76","63,31","48,48","19,24",0,3,2022,SC
"8,24","91,76","63,31","48,53","19,24",0,2,2022,SC
"8,24","91,76","58,04","44,27","12,98",0,1,2022,SC
"15,46","84,54","58,47",28,"12,98",0,12,2021,SC
"21,56","78,44","58,47","24,84","8,29",0,11,2021,SC
"21,56","78,44","58,47","21,36","8,35",0,10,2021,SC
"0,41","99,59","58,67","36,76","12,01",0,9,2021,SC
"0,42","99,58","58,91","46,38","12,01",0,8,2021,SC
"11,75","88,25","58,94","46,39","9,59",0,7,2021,SC
"27,76","72,24","55,48","36,83","7,81",0,6,2021,SC
20,80,"69,07","36,88","11,77",0,5,2021,SC
20,80,"69,07","36,9","3,02",0,4,2021,SC
20,80,"66,9","20,37",0,0,3,2021,SC
"14,31","85,69","71,94","29,38",0,0,2,2021,SC
0,100,"79,83","32,17",0,0,1,2021,SC
0,100,"99,96","69,65","13,39",0,12,2020,SC
0,100,100,"83,7","11,1",0,11,2020,SC
0,100,100,"80,48",0,0,10,2020,SC
0,100,"98,44","46,48",0,0,9,2020,SC
0,100,"98,44","46,38",0,0,8,2020,SC
"11,33","88,67","36,88",0,0,0,6,2025,SP
"9,2","90,8","67,4",0,0,0,5,2025,SP
"9,2","90,8","67,41",0,0,0,4,2025,SP
"0,01","99,99","95,89",0,0,0,3,2025,SP
"0,09","99,91","56,66",0,0,0,2,2025,SP
"8,35","91,65","56,66",0,0,0,1,2025,SP
"0,1","99,9","63,82",0,0,0,12,2024,SP
"0,05","99,95","69,6","10,83",0,0,11,2024,SP
0,100,"65,24","46,83",0,0,10,2024,SP
0,100,"65,24","23,02",0,0,9,2024,SP
"5,54","94,46","57,15","20,6",0,0,8,2024,SP
"8,02","91,98","50,24","16,64",0,0,7,2024,SP
"8,02","91,98","50,01",0,0,0,6,2024,SP
"14,92","85,08",30,0,0,0,5,2024,SP
"22,15","77,85","27,87",0,0,0,4,2024,SP
"22,71","77,29","19,84",0,0,0,3,2024,SP
"26,48","73,52","5,38",0,0,0,2,2024,SP
"42,73","57,27",0,0,0,0,1,2024,SP
"80,48","19,52",0,0,0,0,12,2023,SP
100,0,0,0,0,0,11,2023,SP
100,0,0,0,0,0,10,2023,SP
"79,82","20,18",0,0,0,0,9,2023,SP
"91,21","8,79",0,0,0,0,8,2023,SP
"90,72","9,28",0,0,0,0,7,2023,SP
"89,88","10,12",0,0,0,0,6,2023,SP
"76,68","23,32","4,8",0,0,0,5,2023,SP
"76,64","23,36","4,8",0,0,0,4,2023,SP
"55,28","44,72","23,73","1,78",0,0,3,2023,SP
"37,43","62,57","30,05","10,8",0,0,2,2023,SP
"16,14","83,86","56,7","25,76","3,45",0,1,2023,SP
"13,36","86,64","64,09","29,52","7,55",0,12,2022,SP
"8,78","91,22","76,43","39,13","10,2",0,11,2022,SP
"8,78","91,22","80,96","39,13","10,2","1,15",10,2022,SP
"0,32","99,68","80,96","63,23","29,08","1,23",9,2022,SP
"0,06","99,94","99,12","80,96","37,26","6,79",8,2022,SP
"0,06","99,94","99,12","80,96","37,26","6,79",7,2022,SP
"0,21","99,79","99,12","80,96","37,26","6,79",6,2022,SP
"0,03","99,97","99,12","80,96","37,26","6,79",5,2022,SP
"0,06","99,94","99,12","80,96","37,25","6,75",4,2022,SP
"0,06","99,94","99,12","81,26","37,25","8,68",3,2022,SP
"0,06","99,94","99,12","92,46","38,19","10,34",2,2022,SP
"0,06","99,94","99,12","92,48","38,23","15,72",1,2022,SP
"0,06","99,94","99,12","89,15","42,69","21,49",12,2021,SP
"0,06","99,94","99,12","89,15","42,69","21,49",11,2021,SP
"0,06","99,94","98,94","82,2","42,71","21,49",10,2021,SP
"0,06","99,94","99,68","87,18","42,71","21,49",9,2021,SP
"0,05","99,95","99,68","85,95","42,71","14,83",8,2021,SP
0,100,"99,95","86,44","38,03","11,14",7,2021,SP
"0,05","99,95","93,28","65,76","33,77","11,14",6,2021,SP
"0,05","99,95","93,28","63,2","30,38","11,14",5,2021,SP
"0,05","99,95","91,56","63,82","24,32","4,43",4,2021,SP
"2,35","97,65","90,12","56,67","19,2","4,43",3,2021,SP
"2,49","97,51","91,89","59,64","11,56",0,2,2021,SP
"0,2","99,8","92,6","54,94","11,53",0,1,2021,SP
"0,32","99,68","92,6","44,1","11,54",0,12,2020,SP
0,100,"99,99","68,91","11,54",0,11,2020,SP
"64,79","35,21","10,32",0,0,0,6,2025,SE
"30,56","69,44","35,21","10,03",0,0,5,2025,SE
"16,95","83,05","35,19","10,03",0,0,4,2025,SE
"32,99","67,01","29,21","10,24",0,0,3,2025,SE
"32,99","67,01","17,22",0,0,0,2,2025,SE
0,100,"69,83",0,0,0,1,2025,SE
0,100,100,"53,3",0,0,12,2024,SE
0,100,"78,71","48,82",0,0,11,2024,SE
0,100,"57,55","19,71",0,0,10,2024,SE
0,100,"44,84",0,0,0,9,2024,SE
"29,75","70,25",0,0,0,0,8,2024,SE
"79,89","20,11",0,0,0,0,7,2024,SE
100,0,0,0,0,0,6,2024,SE
100,0,0,0,0,0,5,2024,SE
"79,74","20,26",0,0,0,0,4,2024,SE
"36,64","63,36","19,34",0,0,0,3,2024,SE
0,100,"19,47",0,0,0,2,2024,SE
0,100,"58,69",0,0,0,1,2024,SE
0,100,"59,03","16,28",0,0,12,2023,SE
0,100,"74,2","16,28",0,0,11,2023,SE
"13,21","86,79","73,85",0,0,0,10,2023,SE
"29,81","70,19","18,12",0,0,0,9,2023,SE
"46,64","53,36",0,0,0,0,8,2023,SE
"96,36","3,64",0,0,0,0,7,2023,SE
"96,47","3,53",0,0,0,0,6,2023,SE
"74,31","25,69",0,0,0,0,5,2023,SE
"82,71","17,29",0,0,0,0,3,2023,SE
"82,71","17,29",0,0,0,0,2,2023,SE
100,0,0,0,0,0,1,2023,SE
100,0,0,0,0,0,12,2022,SE
"69,81","30,19",0,0,0,0,11,2022,SE
"66,95","33,05",0,0,0,0,10,2022,SE
"79,17","20,83",0,0,0,0,9,2022,SE
"79,17","20,83",0,0,0,0,8,2022,SE
"79,04","20,96",0,0,0,0,7,2022,SE
"60,62","39,38",0,0,0,0,6,2022,SE
"31,55","68,45",0,0,0,0,5,2022,SE
"24,15","75,85","48,86",0,0,0,4,2022,SE
"24,15","75,85","48,86",0,0,0,3,2022,SE
"0,37","99,63","54,19",0,0,0,2,2022,SE
"0,37","99,63","54,19",0,0,0,1,2022,SE
"0,4","99,6","54,2",0,0,0,12,2021,SE
0,100,"54,45","35,54",0,0,11,2021,SE
0,100,"54,46","35,58",0,0,10,2021,SE
0,100,"46,73","31,82",0,0,9,2021,SE
"0,72","99,28","46,73","31,82",0,0,8,2021,SE
"0,73","99,27","59,87","31,82",0,0,7,2021,SE
"0,73","99,27","71,09","34,45",0,0,6,2021,SE
"0,04","99,96","72,87","34,45",0,0,5,2021,SE
0,100,"72,87","34,45",0,0,4,2021,SE
0,100,"87,7","34,45",0,0,3,2021,SE
0,100,"86,83","33,6",0,0,2,2021,SE
0,100,"63,84","22,43",0,0,1,2021,SE
0,100,"80,55","11,29",0,0,12,2020,SE
0,100,"66,85",0,0,0,11,2020,SE
0,100,"66,85",0,0,0,10,2020,SE
"14,6","85,4","19,13",0,0,0,9,2020,SE
"31,67","68,33",0,0,0,0,8,2020,SE
"42,35","57,65",0,0,0,0,7,2020,SE
"42,36","57,64",0,0,0,0,6,2020,SE
"32,96","67,04","8,32",0,0,0,5,2020,SE
"32,95","67,05","26,93",0,0,0,4,2020,SE
"0,17","99,83","40,88",0,0,0,3,2020,SE
0,100,"59,15","11,62",0,0,2,2020,SE
0,100,"59,25","24,09",0,0,1,2020,SE
0,100,"52,31","24,09",0,0,12,2019,SE
0,100,"52,31","19,1",0,0,11,2019,SE
"0,05","99,95","44,05",0,0,0,10,2019,SE
"54,51","45,49","21,34",0,0,0,9,2019,SE
"54,75","45,25","21,31",0,0,0,8,2019,SE
"32,11","67,89","29,14",0,0,0,7,2019,SE
"32,11","67,89","43,77","28,04",0,0,6,2019,SE
"21,07","78,93","66,92","38,65","0,4",0,5,2019,SE
"21,07","78,93","66,92","25,67","0,11",0,4,2019,SE
"2,14","97,86","82,81","52,38","0,18",0,3,2019,SE
0,100,"89,49","80,06","31,84",0,2,2019,SE
0,100,"88,43","74,55","40,43",0,1,2019,SE
0,100,"85,63","64,34","13,54",0,12,2018,SE
0,100,"85,78","64,25","46,74",0,11,2018,SE
0,100,"85,78","64,25","46,74",0,10,2018,SE
0,100,"74,04","49,56","25,84",0,9,,SE
"22,08","77,92","55,13","27,2","2,12",0,8,2018,SE
"22,08","77,92","55,13","37,53","0,04",0,7,2018,SE
"24,87","75,13","53,27","37,28",0,0,6,2018,SE
"24,87","75,13","48,92","8,81",0,0,5,2018,SE
"24,87","75,13","48,92","8,81",0,0,4,2018,SE
0,100,"48,92",0,0,0,3,2018,SE
"50,42","49,58",0,0,0,0,2,2018,SE
"50,42","49,58","15,98","0,85",0,0,1,2018,SE
"47,67","52,33","1,54",0,0,0,12,2017,SE
"62,51","37,49","0,28",0,0,0,11,2017,SE
"72,84","27,16","0,28",0,0,0,10,2017,SE
"99,16","0,84",0,0,0,0,9,2017,SE
"91,19","8,81","1,72",0,0,0,8,2017,SE
"78,91","21,09","1,85",0,0,0,7,2017,SE
"73,79","26,21","2,11",0,0,0,6,2017,SE
0,100,"12,32","0,16",0,0,5,2017,SE
0,100,100,100,"67,05","37,75",4,2017,SE
0,100,100,100,100,"82,54",3,2017,SE
0,100,100,100,100,"82,54",2,2017,SE
0,100,100,100,100,"82,54",1,2017,SE
0,100,100,100,100,"82,56",12,2016,SE
0,100,100,100,100,"58,81",11,2016,SE
0,100,100,100,"77,64","37,56",10,2016,SE
0,100,100,"99,98","66,37","16,24",9,2016,SE
0,100,100,"99,92","65,82",0,8,2016,SE
0,100,"99,59","94,74","14,38",0,7,2016,SE
0,100,100,"73,58","0,75",0,6,2016,SE
0,100,100,"72,84","0,75",0,5,2016,SE
"0,04","99,96","94,09","45,7",0,0,4,2016,SE
0,100,100,0,0,0,3,2016,SE
"0,04","99,96","17,02",0,0,0,2,2016,SE
"2,57","97,43","25,92",0,0,0,1,2016,SE
0,100,"95,07","45,95","12,25",0,12,2015,SE
0,100,100,"9,65","0,04",0,11,2015,SE
0,100,"35,14","9,65","0,04",0,10,2015,SE
"16,89","83,11","18,83","5,61","0,1",0,9,2015,SE
"33,19","66,81","9,75","0,28",0,0,8,2015,SE
"76,5","23,5","9,72","1,17",0,0,7,2015,SE
"80,31","19,69","9,72","1,39",0,0,6,2015,SE
"51,25","48,75","11,68","0,58",0,0,5,2015,SE
"14,09","85,91","11,01","0,51",0,0,4,2015,SE
"9,31","90,69","0,55",0,0,0,3,2015,SE
0,100,"1,11",0,0,0,2,2015,SE
"0,01","99,99","1,22",0,0,0,1,2015,SE
"19,61","80,39",0,0,0,0,12,2014,SE
"97,79","2,21",0,0,0,0,11,2014,SE
"1,34","98,66","5,58",0,0,0,10,2014,SE
0,100,"6,94",0,0,0,9,2014,SE
0,100,"27,34","0,91",0,0,8,2014,SE
0,100,"99,72","86,12","9,83",0,7,2014,SE
"43,72","56,28","31,47",0,0,0,6,2025,TO
"39,29","60,71","15,71",0,0,0,5,2025,TO
"39,57","60,43","21,42",0,0,0,4,2025,TO
"30,41","69,59","37,11",0,0,0,3,2025,TO
"20,33","79,67","40,45",0,0,0,2,2025,TO
0,100,"72,77",0,0,0,1,2025,TO
0,100,"99,83",0,0,0,12,2024,TO
0,100,100,"24,6",0,0,11,2024,TO
0,100,100,"52,17",0,0,10,2024,TO
0,100,100,"65,94",0,0,9,2024,TO
0,100,"83,61","32,33",0,0,8,2024,TO
0,100,"71,31","20,76",0,0,7,2024,TO
"1,74","98,26","70,13","20,76",0,0,6,2024,TO
"1,74","98,26","70,13","20,76",0,0,5,2024,TO
"1,75","98,25","70,12","20,76",0,0,4,2024,TO
0,100,"85,77","24,91",0,0,3,2024,TO
0,100,"88,86","16,29",0,0,2,2024,TO
0,100,"90,42","18,5",0,0,1,2024,TO
0,100,"90,17","13,95",0,0,12,2023,TO
0,100,"45,07",0,0,0,11,2023,TO
"0,71","99,29","3,59",0,0,0,10,2023,TO
"25,22","74,78",23,0,0,0,9,2023,TO
"30,87","69,13","22,99",0,0,0,8,2023,TO
"30,08","69,92","22,98",0,0,0,7,2023,TO
"39,68","60,32","27,09",0,0,0,6,2023,TO
"53,21","46,79","6,72",0,0,0,5,2023,TO
"52,3","47,7","6,75",0,0,0,4,2023,TO
"63,8","36,2","6,74",0,0,0,3,2023,TO
"72,99","27,01","8,68",0,0,0,2,2023,TO
"81,08","18,92","8,66",0,0,0,1,2023,TO
"69,5","30,5","13,55","0,98",0,0,12,2022,TO
"30,34","69,66","20,11","1,7",0,0,11,2022,TO
0,100,"23,37","4,28",0,0,10,2022,TO
0,100,"26,44",0,0,0,9,2022,TO
"1,51","98,49","17,52",0,0,0,8,2022,TO
"23,41","76,59","2,65",0,0,0,7,2022,TO
"40,67","59,33","2,65",0,0,0,6,2022,TO
"43,69","56,31","1,41",0,0,0,5,2022,TO
"57,71","42,29","1,41",0,0,0,4,2022,TO
"75,29","24,71","1,41",0,0,0,3,2022,TO
"79,06","20,94","1,41",0,0,0,2,2022,TO
"82,33","17,67","1,41",0,0,0,1,2022,TO
"14,88","85,12","33,82","3,03",0,0,12,2021,TO
"2,97","97,03","69,86","22,21",0,0,11,2021,TO
0,100,"91,89","30,02",0,0,10,2021,TO
0,100,"97,01","36,29",0,0,9,2021,TO
0,100,100,"31,8",0,0,8,2021,TO
0,100,"96,83","28,69",0,0,7,2021,TO
0,100,"70,65","24,25",0,0,6,2021,TO
0,100,"58,75","24,26",0,0,5,2021,TO
"2,59","97,41","58,75","24,26",0,0,4,2021,TO
"2,59","97,41","66,44","24,25",0,0,3,2021,TO
0,100,"73,36","23,6",0,0,2,2021,TO
0,100,"88,66","48,9",0,0,1,2021,TO
0,100,"88,67","27,58",0,0,12,2020,TO
0,100,"77,14","18,4",0,0,11,2020,TO
0,100,"84,79","18,4",0,0,10,2020,TO
0,100,"76,99","16,79",0,0,9,2020,TO
"5,62","94,38","61,64","10,95",0,0,8,2020,TO
"8,94","91,06","58,24","3,85",0,0,7,2020,TO
"13,81","86,19","62,1","3,84",0,0,6,2020,TO
"13,82","86,18","62,08","3,84",0,0,5,2020,TO
"8,21","91,79","72,59","10,37",0,0,4,2020,TO
"3,89","96,11","70,25","10,37",0,0,3,2020,TO
0,100,"77,21","13,41",0,0,2,2020,TO
0,100,"90,62","16,99",0,0,1,2020,TO
0,100,"84,28","14,54",0,0,12,2019,TO
0,100,100,0,0,0,6,2025,DF
0,100,100,0,0,0,5,2025,DF
0,100,100,0,0,0,4,2025,DF
0,100,100,0,0,0,3,2025,DF
0,100,0,0,0,0,2,2025,DF
0,100,0,0,0,0,1,2025,DF
0,100,0,0,0,0,12,2024,DF
0,100,"0,24",0,0,0,11,2024,DF
0,100,100,0,0,0,10,2024,DF
0,100,100,100,100,0,9,2024,DF
0,100,100,0,0,0,8,2024,DF
0,100,100,0,0,0,7,2024,DF
0,100,100,0,0,0,6,2024,DF
0,100,0,0,0,0,5,2024,DF
"86,78","13,22",0,0,0,0,4,2024,DF
"86,78","13,22",0,0,0,0,3,2024,DF
"86,78","13,22","0,09",0,0,0,2,2024,DF
0,100,"0,09",0,0,0,1,2024,DF
0,100,"79,83",0,0,0,12,2023,DF
0,100,"45,3",0,0,0,11,2023,DF
"66,84","33,16",0,0,0,0,10,2023,DF
"99,96","0,04",0,0,0,0,9,2023,DF
"99,96","0,04",0,0,0,0,8,2023,DF
0,100,0,0,0,0,7,2023,DF
0,100,0,0,0,0,6,2023,DF
0,100,0,0,0,0,5,2023,DF
0,100,0,0,0,0,4,2023,DF
0,100,0,0,0,0,3,2023,DF
100,0,0,0,0,0,2,2023,DF
100,0,0,0,0,0,1,2023,DF
"95,75","4,25",0,0,0,0,12,2022,DF
0,100,0,0,0,0,11,2022,DF
0,100,100,0,0,0,10,2022,DF
0,100,100,0,0,0,9,2022,DF
0,100,100,0,0,0,8,2022,DF
0,100,100,0,0,0,7,2022,DF
0,100,100,0,0,0,6,2022,DF
0,100,0,0,0,0,5,2022,DF
0,100,0,0,0,0,4,2022,DF
100,0,0,0,0,0,3,2022,DF
100,0,0,0,0,0,2,2022,DF
100,0,0,0,0,0,1,2022,DF
"95,14","4,86",0,0,0,0,12,2021,DF
0,100,0,0,0,0,11,2021,DF
0,100,0,0,0,0,10,2021,DF
0,100,0,0,0,0,9,2021,DF
100,0,0,0,0,0,8,2021,DF
100,0,0,0,0,0,7,2021,DF
100,0,0,0,0,0,6,2021,DF
100,0,0,0,0,0,5,2021,DF
100,0,0,0,0,0,4,2021,DF
100,0,0,0,0,0,3,2021,DF
100,0,0,0,0,0,2,2021,DF
0,100,0,0,0,0,1,2021,DF
"58,35","41,65",0,0,0,0,12,2020,DF
"98,2","1,8",0,0,0,0,11,2020,DF
"98,2","1,8",0,0,0,0,10,2020,DF
0,100,0,0,0,0,9,2020,DF
"95,85","4,15",0,0,0,0,8,2020,DF
"98,15","1,85",0,0,0,0,7,2020,DF
